record_id,query_theme,data_source,trade_flow,date,hs_code,goods_description,buyer,supplier,weight_reported,quantity_reported,amount_reported,destination,origin,brand_grade_batch,duplicate_group,route_flag,hs_risk_flag,evidence_level,analyst_note,source_url,query_timestamp
"CYP-CN-001","CYPERMETHRIN TECHNICAL→China","印度全港","出口","2026-02-28","38089135","CYPERMETHRIN TECHNICAL CAS NO 52315 07 8 CYPERMETHRIN 92% 40 60","IPO LTD SHNGHAI","TAGROS CHEMICALS INDIA PRIVATE LIMITED","","16000","95200","China","India","CAS 52315-07-8; 92%; 40:60","TAGROS-16000-95200","India→China direct","38089135与中国措施执行税号2926909013需交叉核验","A","商品、CAS、纯度、涉税生产商均匹配；平台为印度出口记录，须调中国进口报关单","https://dd.data1688.com/custom/search?field=GOODS_DESC&value=CYPERMETHRIN+TECHNICAL","2026-08-08 11:28 CST"
"CYP-CN-002","CYPERMETHRIN TECHNICAL→China","印度全港","出口","2026-02-27","38089199","BETA CYPERMETHRIN TECHNICAL","U S L","SUPERFORM CHEMISTRIES LIMITED","","18000","248400","China","India","BETA CYPERMETHRIN","SUPERFORM-18000-248400","India→China direct","需核CAS及涉案范围；不能仅凭名称等同涉案氯氰菊酯","B","重复大票，应识别U S L完整中国主体及进口税号","https://dd.data1688.com/custom/search?field=GOODS_DESC&value=CYPERMETHRIN+TECHNICAL","2026-08-08 11:28 CST"
"CYP-CN-003","CYPERMETHRIN TECHNICAL→China","印度全港","出口","2026-02-23","38089135","CYPERMETHRIN TECHNICAL","IPO LTD SHNGHAI","TAGROS CHEMICALS INDIA PRIVATE LIMITED","","16000","95200","China","India","CYPERMETHRIN TECHNICAL","TAGROS-16000-95200","India→China direct","38089135与中国措施执行税号2926909013需交叉核验","A","与2月28日字段高度重复，可能一票多日期或重复收录","https://dd.data1688.com/custom/search?field=GOODS_DESC&value=CYPERMETHRIN+TECHNICAL","2026-08-08 11:28 CST"
"CYP-CN-004","CYPERMETHRIN TECHNICAL→China","印度全港","出口","2026-02-23","38089135","CYPERMETHRIN TECHNICAL","IPO LTD SHNGHAI","TAGROS CHEMICALS INDIA PRIVATE LIMITED","","16000","95200","China","India","CYPERMETHRIN TECHNICAL","TAGROS-16000-95200","India→China direct","38089135与中国措施执行税号2926909013需交叉核验","A","平台重复行，保留原始记录供去重","https://dd.data1688.com/custom/search?field=GOODS_DESC&value=CYPERMETHRIN+TECHNICAL","2026-08-08 11:28 CST"
"CYP-CN-005","CYPERMETHRIN TECHNICAL→China","印度全港","出口","2026-02-23","38089199","BETA CYPERMETHRIN TECHNICAL","U S L","SUPERFORM CHEMISTRIES LIMITED","","18000","248400","China","India","BETA CYPERMETHRIN","SUPERFORM-18000-248400","India→China direct","需核CAS及涉案范围","B","与2月27日字段重复，应以提单号和报关单去重","https://dd.data1688.com/custom/search?field=GOODS_DESC&value=CYPERMETHRIN+TECHNICAL","2026-08-08 11:28 CST"
"CYP-CN-006","CYPERMETHRIN TECHNICAL→China","印度全港","出口","2026-02-21","38089135","INDIAN ORIGIN PLANT PROTECTION PRODUCT USED FOR AGRICULTURE INSECTICIDES CYPERMETHRIN TECHNICAL","---","MEGHMANI ORGANICS LIMITED","","36000","201600","China","India","CYPERMETHRIN TECHNICAL","MEGHMANI-36000-201600","India→China direct","38089135与中国措施执行税号2926909013需交叉核验","A","36吨大票且供应商为商务部列名企业，优先调取中国进口人","https://dd.data1688.com/custom/search?field=GOODS_DESC&value=CYPERMETHRIN+TECHNICAL","2026-08-08 11:28 CST"
"CYP-CN-007","CYPERMETHRIN TECHNICAL→China","印度全港","出口","2026-02-21","38089135","CYPERMETHRIN TECHNICAL","IPO LTD SHNGHAI","TAGROS CHEMICALS INDIA PRIVATE LIMITED","","16000","95200","China","India","CYPERMETHRIN TECHNICAL","TAGROS-16000-95200","India→China direct","38089135与中国措施执行税号2926909013需交叉核验","A","平台同字段多次出现，可能重复或拆分提单","https://dd.data1688.com/custom/search?field=GOODS_DESC&value=CYPERMETHRIN+TECHNICAL","2026-08-08 11:28 CST"
"CYP-CN-008","CYPERMETHRIN TECHNICAL→China","印度全港","出口","2026-02-21","38089135","CYPERMETHRIN TECHNICAL","IPO LTD SHNGHAI","TAGROS CHEMICALS INDIA PRIVATE LIMITED","","16000","95200","China","India","CYPERMETHRIN TECHNICAL","TAGROS-16000-95200","India→China direct","38089135与中国措施执行税号2926909013需交叉核验","A","平台重复行，保留原始记录供去重","https://dd.data1688.com/custom/search?field=GOODS_DESC&value=CYPERMETHRIN+TECHNICAL","2026-08-08 11:28 CST"
"CYP-CN-009","CYPERMETHRIN TECHNICAL→China","印度全港","出口","2026-02-21","38089135","CYPERMETHRIN TECHNICAL","IPO LTD SHNGHAI","TAGROS CHEMICALS INDIA PRIVATE LIMITED","","16000","95200","China","India","CYPERMETHRIN TECHNICAL","TAGROS-16000-95200","India→China direct","38089135与中国措施执行税号2926909013需交叉核验","A","平台重复行，保留原始记录供去重","https://dd.data1688.com/custom/search?field=GOODS_DESC&value=CYPERMETHRIN+TECHNICAL","2026-08-08 11:28 CST"
"CYP-CN-010","CYPERMETHRIN TECHNICAL→China","印度全港","出口","2026-02-20","38089135","INDIAN ORIGIN PLANT PROTECTION PRODUCT USED FOR AGRICULTURE INSECTICIDES CYPERMETHRIN TECHNICAL","---","MEGHMANI ORGANICS LIMITED","","36000","201600","China","India","CYPERMETHRIN TECHNICAL","MEGHMANI-36000-201600","India→China direct","38089135与中国措施执行税号2926909013需交叉核验","A","可能与2月21日同票重复，需用提单号去重","https://dd.data1688.com/custom/search?field=GOODS_DESC&value=CYPERMETHRIN+TECHNICAL","2026-08-08 11:28 CST"
"CYP-CN-011","CYPERMETHRIN TECHNICAL→China","印度全港","出口","2026-02-19","38089199","BETA CYPERMETHRIN TECHNICAL","U S L","SUPERFORM CHEMISTRIES LIMITED","","18000","248400","China","India","BETA CYPERMETHRIN","SUPERFORM-18000-248400","India→China direct","需核CAS及涉案范围","B","同一组合多次出现，需识别实际进口人和用途","https://dd.data1688.com/custom/search?field=GOODS_DESC&value=CYPERMETHRIN+TECHNICAL","2026-08-08 11:28 CST"
"CYP-CN-012","CYPERMETHRIN TECHNICAL→China","印度全港","出口","2026-02-18","38086900","BETA CYPERMETHRIN TECHNICAL CAS NO 65731 84 2 BETA CYPERMETHRIN 95%","---","TAGROS CHEMICALS INDIA PRIVATE LIMITED","","18000","243000","China","India","CAS 65731-84-2; 95%","TAGROS-BETA-18000","India→China direct","CAS与涉案产品范围需单独核实；HS为38086900","B","高纯原药描述但可能不属于同一涉案CAS，不能直接并案","https://dd.data1688.com/custom/search?field=GOODS_DESC&value=CYPERMETHRIN+TECHNICAL","2026-08-08 11:28 CST"
"CYP-CN-013","CYPERMETHRIN TECHNICAL→China","印度全港","出口","2026-02-15","38089199","BETA CYPERMETHRIN TECHNICAL","U S L","SUPERFORM CHEMISTRIES LIMITED","","18000","248400","China","India","BETA CYPERMETHRIN","SUPERFORM-18000-248400","India→China direct","需核CAS及涉案范围","B","重复大票，建议按收货人和税号做频次统计","https://dd.data1688.com/custom/search?field=GOODS_DESC&value=CYPERMETHRIN+TECHNICAL","2026-08-08 11:28 CST"
"CYP-CN-014","CYPERMETHRIN TECHNICAL→China","印度全港","出口","2026-02-09","38086900","INDIAN ORIGIN PLANT PROTECTION PRODUCT USED FOR AGRICULTURE INSECTICIDES ALPHA CYPERMETHRIN TECHNICAL","---","MEGHMANI ORGANICS LIMITED","","9000","83250","China","India","ALPHA CYPERMETHRIN","MEGHMANI-ALPHA-9000","India→China direct","需核CAS及涉案范围","B","不同异构体产品，不能直接等同涉案氯氰菊酯","https://dd.data1688.com/custom/search?field=GOODS_DESC&value=CYPERMETHRIN+TECHNICAL","2026-08-08 11:28 CST"
"CYP-CN-015","CYPERMETHRIN TECHNICAL→China","印度全港","出口","2026-02-03","38089199","BETA CYPERMETHRIN TECHNICAL","U S L","SUPERFORM CHEMISTRIES LIMITED","","18000","248400","China","India","BETA CYPERMETHRIN","SUPERFORM-18000-248400","India→China direct","需核CAS及涉案范围","B","重复大票，建议按收货人和税号做频次统计","https://dd.data1688.com/custom/search?field=GOODS_DESC&value=CYPERMETHRIN+TECHNICAL","2026-08-08 11:28 CST"
"CYP-CN-016","CYPERMETHRIN TECHNICAL→China","印度全港","出口","2026-01-29","38089199","BETA CYPERMETHRIN TECHNICAL","U S L","SUPERFORM CHEMISTRIES LIMITED","","18000","249244.81","China","India","BETA CYPERMETHRIN","SUPERFORM-18000-249244.81","India→China direct","需核CAS及涉案范围","B","与1月27日字段完全相同，可能重复","https://dd.data1688.com/custom/search?field=GOODS_DESC&value=CYPERMETHRIN+TECHNICAL","2026-08-08 11:28 CST"
"CYP-CN-017","CYPERMETHRIN TECHNICAL→China","印度全港","出口","2026-01-27","38089199","BETA CYPERMETHRIN TECHNICAL","U S L","SUPERFORM CHEMISTRIES LIMITED","","18000","249244.81","China","India","BETA CYPERMETHRIN","SUPERFORM-18000-249244.81","India→China direct","需核CAS及涉案范围","B","与1月29日字段完全相同，需以提单号去重","https://dd.data1688.com/custom/search?field=GOODS_DESC&value=CYPERMETHRIN+TECHNICAL","2026-08-08 11:28 CST"
"CYP-CN-018","CYPERMETHRIN TECHNICAL→China","印度全港","出口","2026-01-06","38089135","CYPERMETHRIN TECHNICAL","---","TAGROS CHEMICALS INDIA PRIVATE LIMITED","","16000","96000","China","India","CYPERMETHRIN TECHNICAL","TAGROS-16000-96000","India→China direct","38089135与中国措施执行税号2926909013需交叉核验","A","无公开买方名，但产品和供应商高度匹配","https://dd.data1688.com/custom/search?field=GOODS_DESC&value=CYPERMETHRIN+TECHNICAL","2026-08-08 11:28 CST"
"CYP-CN-019","CYPERMETHRIN TECHNICAL→China","印度全港","出口","2025-12-20","38086900","BETA CYPERMETHRIN TECHNICAL","---","TAGROS CHEMICALS INDIA PRIVATE LIMITED","","18000","247211.39","China","India","BETA CYPERMETHRIN","TAGROS-BETA-18000-247211.39","India→China direct","需核CAS及涉案范围","B","措施后直达中国，但不能据名称判断适用范围","https://dd.data1688.com/custom/search?field=GOODS_DESC&value=CYPERMETHRIN+TECHNICAL","2026-08-08 11:28 CST"
"PPS-CN-001","FORTRON→China","印度全港","出口","2026-02-26","39071000","RM10000058 PPS GF40% FORTRON M9140L4 SF3001N NATURAL 0 FOC AS PER INV","SHENZHEN DEMEICHUANG TECHNOLOGY CO","SHAILY ENGINEERING PLASTICS LIMITED","","50","1060","China","India","FORTRON M9140L4 SF3001N; GF40%","","India→China third-country sale","商品为PPS但出口HS为39071000；需核是否为复合料及中国进口税号","A-","直接对华、企业和牌号明确；50kg FOC疑似样品，尚不足以证明规模化绕道","https://dd.data1688.com/custom/search?field=GOODS_DESC&value=FORTRON","2026-08-08 11:18 CST"
"PPS-CN-002","DURAFIDE→China","印度全港","出口","2025-09-19","40169990","PL-PPS DURAFIDE 6150T73 HD9050 BLACK PART NO: 505075910","A RAYMOND PACIFIC SIGHT LIMITED","ARAYMOND INDIA PRIVATE LIMITED","","25","195.32","China","India","DURAFIDE 6150T73 HD9050","ARAYMOND-DURAFIDE-25","India→China third-country sale","HS40169990与PPS树脂不一致；也可能为已成型橡塑零件","B+","小批量且带零件号，优先判断成型品还是树脂样品","https://dd.data1688.com/custom/search?field=GOODS_DESC&value=DURAFIDE","2026-08-08 11:22 CST"
"PPS-CN-003","DURAFIDE→China","印度尼西亚","出口","2025-09-10","39081090","PPS DURAFIDE GF40 BLACK","DONG GUAN PRECIOUS FINE MOLDING LTD","PT TOYO DENSO INDONESIA","25","25","271.25","China","Indonesia","DURAFIDE GF40 BLACK","","Indonesia→China third-country sale","商品写PPS但HS39081090通常对应聚酰胺；需核中国进口申报","A-","直接对华且商品/HS明显冲突，但仅25kg，可能样品或余料","https://dd.data1688.com/custom/search?field=GOODS_DESC&value=DURAFIDE","2026-08-08 11:22 CST"
"PPS-CN-004","DURAFIDE→China","印度全港","出口","2025-08-31","39079900","PL-PPS DURAFIDE 6150T73 HD9050 BLACK PART NO: 505075910","A RAYMOND PACIFIC SIGHT LTD SHENZHEN","ARAYMOND INDIA PRIVATE LIMITED","","25","184.24","China","India","DURAFIDE 6150T73 HD9050","ARAYMOND-DURAFIDE-25","India→China third-country sale","商品写PPS而HS39079900不同；需区分树脂与成型零件","B+","与9月19日同牌号同数量，可能重复发货或同项目样品","https://dd.data1688.com/custom/search?field=GOODS_DESC&value=DURAFIDE","2026-08-08 11:22 CST"
"PPS-UP-001","RYTON USA→India","印度全港","进口","2025-09-25","39119090","RYTON R R-4-230NA POLYPHENYLENE SULFIDE PPS IN 25 KG BAGS BATCH NO 2584U00296","SYENSQO SPECIALTIES INDIA PRIVATE LIMITED","SOLVAY SPECIALTY POLYMERS USA LLC","","8000","65840","India","United States","RYTON R-4-230NA; batch 2584U00296","RYTON-2584U00296","USA→India upstream","HS与PPS相符","B+","高税美国PPS进入印度的具体批次，可用于反查后续印度出口","https://dd.data1688.com/custom/search?field=GOODS_DESC&value=RYTON+R-4-230NA","2026-08-08 11:03 CST"
"PPS-UP-002","RYTON USA→India","印度全港","进口","2025-11-11","39119090","RYTON R R-4-230NA POLYPHENYLENE SULFIDE PPS IN 25 KG BAGS BATCH NO 2584U00296","SYENSQO SPECIALTIES INDIA PRIVATE LIMITED","SOLVAY SPECIALTY POLYMERS USA LLC","","400","3268.09","India","United States","RYTON R-4-230NA; batch 2584U00296","RYTON-2584U00296","USA→India upstream","HS与PPS相符","B+","同批号跨两个月进入印度，需查批次是否再出口","https://dd.data1688.com/custom/search?field=GOODS_DESC&value=RYTON+R-4-230NA","2026-08-08 11:03 CST"
"PPS-UP-003","RYTON USA→India","印度全港","进口","2025-11-17","39119090","RYTON R R-4-230NA POLYPHENYLENE SULFIDE PPS IN 25 KG BAGS BATCH NO 2584U00379","SYENSQO SPECIALTIES INDIA PRIVATE LIMITED","SYENSQO SPECIALTY POLYMERS USA LLC","","1950","15912","India","United States","RYTON R-4-230NA; batch 2584U00379","RYTON-2584U00379","USA→India upstream","HS与PPS相符","B+","明确批号和关联公司链条","https://dd.data1688.com/custom/search?field=GOODS_DESC&value=RYTON+R-4-230NA","2026-08-08 11:03 CST"
"PPS-UP-004","FORTRON USA/Malaysia→Vietnam","越南全港","进口","2026-05-27","39119000","FORTRON 1140L6 SD3002 BK","Công ty TNHH DURING Việt Nam","DURING CO.,LTD (SEOSAN)","","4000","1411856848","Vietnam","United States","FORTRON 1140L6 SD3002 BK","","US-origin sold via Korean supplier→Vietnam","HS与PPS相符","B+","发票供应商在韩国、申报原产美国，证明销售方与原产地分离","https://dd.data1688.com/custom/search?field=GOODS_DESC&value=FORTRON","2026-08-08 11:10 CST"
"PPS-UP-005","FORTRON USA/Malaysia→Vietnam","越南全港","进口","2026-05-27","39119000","FORTRON 1140L6 SF3001 NT","Công ty TNHH DURING Việt Nam","DURING CO.,LTD (SEOSAN)","","1000","352964212","Vietnam","United States","FORTRON 1140L6 SF3001 NT","","US-origin sold via Korean supplier→Vietnam","HS与PPS相符","B+","原产美国且经韩国销售主体，后续对华货物应穿透生产厂","https://dd.data1688.com/custom/search?field=GOODS_DESC&value=FORTRON","2026-08-08 11:10 CST"
"PPS-UP-006","FORTRON USA/Malaysia→Vietnam","越南全港","进口","2026-05-27","39119000","PPS GF40 BK FORTRON 1140A6 HD9100","Công ty TNHH DURING Việt Nam","DURING CO.,LTD (SEOSAN)","","1000","314800545.2","Vietnam","Malaysia","FORTRON 1140A6 HD9100; GF40","","Malaysia-origin sold via Korean supplier→Vietnam","HS与PPS相符","C+","表明马来西亚具备真实FORTRON/PPS供应，不宜仅凭品牌推定绕道","https://dd.data1688.com/custom/search?field=GOODS_DESC&value=FORTRON","2026-08-08 11:10 CST"
"PPS-MY-001","DURAFIDE Malaysia→Indonesia","印度尼西亚","进口","2026-06-26","39119000","POLYPHENYLENE SULFIDE PPS DURAFIDE 1140A6 HD9100 BLACK","PT INABATA INDONESIA","DAICEL HPP MALAYSIA SDN BHD","4000","4000","41360","Indonesia","Malaysia","DURAFIDE 1140A6 HD9100","","Malaysia→Indonesia local production signal","HS与PPS相符","C+","支持马来西亚真实生产/配混能力，是反向证据","https://dd.data1688.com/custom/search?field=GOODS_DESC&value=DURAFIDE","2026-08-08 11:14 CST"
"PPS-MY-002","DURAFIDE Malaysia→Indonesia","印度尼西亚","进口","2026-06-26","39119000","POLYPHENYLENE SULFIDE PPS DURAFIDE 1140A1 HD9050 BLACK","PT INABATA INDONESIA","DAICEL HPP MALAYSIA SDN BHD","7000","7000","57890","Indonesia","Malaysia","DURAFIDE 1140A1 HD9050","","Malaysia→Indonesia local production signal","HS与PPS相符","C+","支持马来西亚真实生产/配混能力，是反向证据","https://dd.data1688.com/custom/search?field=GOODS_DESC&value=DURAFIDE","2026-08-08 11:14 CST"
"POM-CN-001","HOSTAFORM→China","越南全港","出口","2026-05-26","39071000","Hạt nhựa nguyên sinh POM Hostaform LW15EWX, hãng Celanese, #&DE","SHANGHAI HENGJIU HUNDRED TRANSMISSION CO., LTD","Công Ty TNHH Hamakyu","","25","4774382.5","China","Vietnam","HOSTAFORM LW15EWX; description marks DE","","Germany-grade sold from Vietnam→China","平台原产字段为Vietnam而描述标记DE，需调中国原产地申报","A-","直接出现原产字段冲突；数量25kg，可能样品，但最值得批次核验","https://dd.data1688.com/custom/search?field=GOODS_DESC&value=HOSTAFORM","2026-08-08 11:25 CST"
"POM-CN-002","HOSTAFORM→China","印度全港","出口","2026-02-26","39071000","RM10000056 POM GP TICONA HOSTAFORM MT12R01 NATURAL 0 FOC AS PER INV","SHENZHEN DEMEICHUANG TECHNOLOGY CO","SHAILY ENGINEERING PLASTICS LIMITED","","25","225.75","China","India","HOSTAFORM MT12R01","","India→China third-country sample","HS与POM相符；需核实际生产商和原产地","B+","FOC小样但牌号明确，与同日FORTRON样品同一收发货人","https://dd.data1688.com/custom/search?field=GOODS_DESC&value=HOSTAFORM","2026-08-08 11:25 CST"
"POM-CN-003","HOSTAFORM→China","印度全港","出口","2026-02-26","39071000","RM10000059 POM GP TICONA HOSTAFORM MT12U03 NATURAL 0 FOC AS PER INV","SHENZHEN DEMEICHUANG TECHNOLOGY CO","SHAILY ENGINEERING PLASTICS LIMITED","","150","1860","China","India","HOSTAFORM MT12U03","","India→China third-country sample","HS与POM相符；需核实际生产商和原产地","B+","同日同收发货人多牌号，疑似材料验证/样品包","https://dd.data1688.com/custom/search?field=GOODS_DESC&value=HOSTAFORM","2026-08-08 11:25 CST"
"POM-CN-004","HOSTAFORM→China","印度全港","出口","2026-02-26","39071000","RM10000054 POM GP TICONA HOSTAFORM MT24F01 NATURAL 0 FOC AS PER INV","SHENZHEN DEMEICHUANG TECHNOLOGY CO","SHAILY ENGINEERING PLASTICS LIMITED","","50","622.5","China","India","HOSTAFORM MT24F01","","India→China third-country sample","HS与POM相符；需核实际生产商和原产地","B+","同日同收发货人多牌号，疑似材料验证/样品包","https://dd.data1688.com/custom/search?field=GOODS_DESC&value=HOSTAFORM","2026-08-08 11:25 CST"
"POM-CN-005","HOSTAFORM→China","墨西哥全港","出口","2026-02-06","3907100501","RESINA DE POLIOXIMETILENO HOSTAFORM C9021 XAP2 14BLACK","SUZHOU ZHENYE MOLD CO. LTD","GRAMMER AUTOMOTIVE PUEBLA SA DE CV","","150","1874.97","China","Mexico","HOSTAFORM C9021 XAP2 14 BLACK","","Mexico→China third-country sale","HS与POM相符；需核原厂批次及墨西哥加工","B+","具体墨西哥对华牌号记录，绝对量小，不能证明系统性绕道","https://dd.data1688.com/custom/search?field=GOODS_DESC&value=HOSTAFORM","2026-08-08 11:25 CST"
"POM-SG-001","POM→Singapore","印度全港","出口","2025-04-06","39071000","RM10000017 POM GP TICONA HOSTAFORM MT8U01 NATURAL 0 BATCH NO 0001953509","FU YU CORPORATION LIMITED","SHAILY ENGINEERING PLASTICS LIMITED","","1925","21175","Singapore","India","HOSTAFORM MT8U01; batch 0001953509","HOSTAFORM-0001953509","India→Singapore upstream","HS与POM相符；需核原始树脂生产地","B","精确批号，可用于匹配新加坡后续出口；未发现对应中国腿","https://dd.data1688.com/custom/search?field=HS_CODE&value=39071000","2026-08-08 10:45 CST"
"POM-SG-002","POM→Singapore","印度全港","出口","2025-04-06","39071000","RM10000014 POM GP MT SLIDEX 2404 NATURAL 0 BATCH NO 0002122721","FU YU CORPORATION LIMITED","SHAILY ENGINEERING PLASTICS LIMITED","","1075","17275.25","Singapore","India","SLIDEX 2404; batch 0002122721","SLIDEX-0002122721","India→Singapore upstream","HS与POM相符；需核原始树脂生产地","B","精确批号，可用于匹配新加坡后续出口；未发现对应中国腿","https://dd.data1688.com/custom/search?field=HS_CODE&value=39071000","2026-08-08 10:45 CST"
"POM-SG-003","POM→Singapore","印度全港","出口","2025-04-06","39071000","RM10000072 POM DELRIN SC698 NC010 NATURAL BATCH NO EDCYFEG101","FU YU CORPORATION LIMITED","SHAILY ENGINEERING PLASTICS LIMITED","","25","452.5","Singapore","India","DELRIN SC698; batch EDCYFEG101","DELRIN-EDCYFEG101","India→Singapore upstream","HS与POM相符；需核原始树脂生产地","B","精确批号，可用于匹配新加坡后续出口；未发现对应中国腿","https://dd.data1688.com/custom/search?field=HS_CODE&value=39071000","2026-08-08 10:45 CST"
"PEA-VN-001","ROQUETTE N-735→Vietnam","越南全港","进口","2026-02-26","11081990","PEA STARCH N-735, 1,000KG/BAG, manufacturer ROQUETTE CANADA LTD","CÔNG TY CỔ PHẦN FI SAIGON","ROQUETTE SINGAPORE PTE LTD","","19","279197400","Vietnam","Canada","N-735","","Canada-origin sold via Singapore→Vietnam","HS与豌豆淀粉相符","B+","新加坡为销售主体、加拿大原产被保留；证明渠道但不证明洗产地","https://dd.data1688.com/custom/search?field=GOODS_DESC&value=ROQUETTE+PEA+STARCH+N-735","2026-08-08 11:20 CST"
"PEA-VN-002","ROQUETTE N-735→Vietnam","越南全港","进口","2025-06-02","11081990","ROQUETTE PEA STARCH N-735, manufacturer ROQUETTE CANADA LTD, 1 ton/bag","THANH NAM TRADING IMPORT EXPORT AND LOGISTICS CO., LTD","ROQUETTE SINGAPORE PTE LTD","","76","1197942400","Vietnam","Canada","N-735","","Canada-origin sold via Singapore→Vietnam","HS与豌豆淀粉相符","B+","第三国销售主体明确，越南申报仍保留加拿大原产","https://dd.data1688.com/custom/search?field=GOODS_DESC&value=ROQUETTE+PEA+STARCH+N-735","2026-08-08 11:20 CST"
"PEA-VN-003","ROQUETTE N-735→Vietnam","越南全港","进口","2025-04-24","11081990","ROQUETTE PEA STARCH N-735, manufacturer ROQUETTE CANADA LTD, 1 ton/bag","THANH NAM TRADING IMPORT EXPORT AND LOGISTICS CO., LTD","ROQUETTE SINGAPORE PTE LTD","","76000","1191452000","Vietnam","Canada","N-735","","Canada-origin sold via Singapore→Vietnam","HS与豌豆淀粉相符","B+","平台数量单位可能混用吨/千克，需以底单复核","https://dd.data1688.com/custom/search?field=GOODS_DESC&value=ROQUETTE+PEA+STARCH+N-735","2026-08-08 11:20 CST"
"PEA-VN-004","ROQUETTE N-735→Vietnam","越南全港","进口","2025-01-20","11081990","ROQUETTE PEA STARCH N-735, manufacturer ROQUETTE CANADA LTD, 1 ton/bag","THANH NAM TRADING IMPORT EXPORT AND LOGISTICS CO., LTD","ROQUETTE SINGAPORE PTE LTD","","95","1459702550","Vietnam","Canada","N-735","","Canada-origin sold via Singapore→Vietnam","HS与豌豆淀粉相符","B+","确认此前95吨记录的销售方为Roquette Singapore、原产加拿大","https://dd.data1688.com/custom/search?field=GOODS_DESC&value=ROQUETTE+PEA+STARCH+N-735","2026-08-08 11:20 CST"
"PEA-VN-005","ROQUETTE N-735→Vietnam","越南全港","进口","2024-11-07","11081990","ROQUETTE PEA STARCH N-735, manufacturer ROQUETTE CANADA LTD, 1 ton/bag","THANH NAM TRADING IMPORT EXPORT AND LOGISTICS CO., LTD","ROQUETTE SINGAPORE PTE LTD","","19","300327300","Vietnam","Canada","N-735","","Canada-origin sold via Singapore→Vietnam","HS与豌豆淀粉相符","B+","稳定渠道早于反倾销措施，不能仅据此推定规避动机","https://dd.data1688.com/custom/search?field=GOODS_DESC&value=ROQUETTE+PEA+STARCH+N-735","2026-08-08 11:20 CST"
"PEA-CN-001","ROQUETTE N-735→China","环球提单","进口","2025-08-05","110819","ROQUETTE PEA STARCH N-735","ORIGIN CHEM (HONG KONG) INTERNATIONAL","ROQUETTE CANADA LIMITED","117132","114","","China","Canada","N-735","ROQUETTE-ORIGIN-CHEM-202508","Canada→China with Hong Kong buyer/trader","原产加拿大被保留；无洗产地证据","B+","香港贸易主体参与，但底层提单显示加拿大原产；早于2026年措施","https://dd.data1688.com/custom/search?field=GOODS_DESC&value=ROQUETTE+PEA+STARCH+N-735","2026-08-08 11:23 CST"
"PEA-CN-002","ROQUETTE N-735→China","环球提单","进口","2025-08-01","110819","ROQUETTE PEA STARCH N-735","ORIGIN CHEM (HONG KONG) INTERNATIONAL","ROQUETTE CANADA LIMITED","78088","76","","China","Canada","N-735","ROQUETTE-ORIGIN-CHEM-202508","Canada→China with Hong Kong buyer/trader","原产加拿大被保留；无洗产地证据","B+","香港贸易主体参与，但底层提单显示加拿大原产；早于2026年措施","https://dd.data1688.com/custom/search?field=GOODS_DESC&value=ROQUETTE+PEA+STARCH+N-735","2026-08-08 11:23 CST"
"PEA-CN-003","ROQUETTE N-735→China","美国","进口","2025-06-27","110819","ROQUETTE PEA STARCH N-735","SHANGHAI HENGHENG FINE CHEMICAL INDUSTRY","ROQUETTE CANADA LIMITED","156176","19","","China","Canada","N-735","ROQUETTE-SHANGHAI-20250627","Canada→China direct","原产加拿大被保留；无洗产地证据","B","具体上海进口主体；早于措施，主要用于建立历史基线","https://dd.data1688.com/custom/search?field=GOODS_DESC&value=ROQUETTE+PEA+STARCH+N-735","2026-08-08 11:23 CST"
"PEA-TRADE-001","ROQUETTE N-735 trader node","美国","进口","2026-07-26","110819","ROQUETTE PEA STARCH N-735, CERS AI0910202607175450567","C AND D SINGAPORE BUSINESS PTE LTD","ROQUETTE CANADA LTD","231590","19","","United States","Canada","N-735","ROQUETTE-CD-20260726","Canada-origin with Singapore buyer/trader→US","原产加拿大被保留；目的国并非中国","C+","措施后出现新加坡贸易主体，但没有中国第二腿，列入持续监测","https://dd.data1688.com/custom/search?field=GOODS_DESC&value=ROQUETTE+PEA+STARCH+N-735","2026-08-08 11:19 CST"
