"洲别","数据源名称","基础国家/地区","数据版本","最早日期","最新日期","距查询日天数","时效分级","页面URL","查询时间","备注"
"北美洲","美国","美国","标准库","2023-08-04","2026-08-04","","","https://dd.data1688.com/custom/countrySearch?country=%E7%BE%8E%E5%9B%BD&imgUrl=US.png&defaultType=0","2026-08-08 18:00 CST","日期控件可读取"
"北美洲","墨西哥","墨西哥","标准库","2020-03-31","2023-03-31","","","https://dd.data1688.com/custom/countrySearch?country=%E5%A2%A8%E8%A5%BF%E5%93%A5&imgUrl=MX.png&defaultType=0","2026-08-08 18:00 CST","日期控件可读取"
"北美洲","墨西哥全港","墨西哥","全港","2023-05-31","2026-05-31","","","https://dd.data1688.com/custom/countrySearch?country=%E5%A2%A8%E8%A5%BF%E5%93%A5%E5%85%A8%E6%B8%AF&imgUrl=MX.png&defaultType=0","2026-08-08 18:00 CST","日期控件可读取"
"北美洲","巴拿马","巴拿马","标准库","2023-06-30","2026-06-30","","","https://dd.data1688.com/custom/countrySearch?country=%E5%B7%B4%E6%8B%BF%E9%A9%AC&imgUrl=PA.png&defaultType=0","2026-08-08 18:00 CST","日期控件可读取"
"北美洲","哥斯达黎加","哥斯达黎加","标准库","2023-03-31","2026-03-31","","","https://dd.data1688.com/custom/countrySearch?country=%E5%93%A5%E6%96%AF%E8%BE%BE%E9%BB%8E%E5%8A%A0&imgUrl=CR.png&defaultType=0","2026-08-08 18:00 CST","日期控件可读取"
"北美洲","危地马拉","危地马拉","标准库","2016-08-01","2019-08-01","","","https://dd.data1688.com/custom/countrySearch?country=%E5%8D%B1%E5%9C%B0%E9%A9%AC%E6%8B%89&imgUrl=GT.png&defaultType=0","2026-08-08 18:00 CST","日期控件可读取"
"北美洲","加拿大","加拿大","标准库","2019-01-01","2022-01-01","","","https://dd.data1688.com/custom/countrySearch?country=%E5%8A%A0%E6%8B%BF%E5%A4%A7&imgUrl=CA.png&defaultType=0","2026-08-08 18:00 CST","日期控件可读取"
"北美洲","洪都拉斯","洪都拉斯","标准库","2009-12-27","2012-12-27","","","https://dd.data1688.com/custom/countrySearch?country=%E6%B4%AA%E9%83%BD%E6%8B%89%E6%96%AF&imgUrl=HN.png&defaultType=0","2026-08-08 18:00 CST","日期控件可读取"
"北美洲","尼加拉瓜","尼加拉瓜","标准库","2009-12-24","2012-12-24","","","https://dd.data1688.com/custom/countrySearch?country=%E5%B0%BC%E5%8A%A0%E6%8B%89%E7%93%9C&imgUrl=NI.png&defaultType=0","2026-08-08 18:00 CST","日期控件可读取"
"北美洲","萨尔瓦多","萨尔瓦多","标准库","2009-12-30","2012-12-30","","","https://dd.data1688.com/custom/countrySearch?country=%E8%90%A8%E5%B0%94%E7%93%A6%E5%A4%9A&imgUrl=SV.png&defaultType=0","2026-08-08 18:00 CST","日期控件可读取"
"南美洲","阿根廷","阿根廷","标准库","2023-05-31","2026-05-31","","","https://dd.data1688.com/custom/countrySearch?country=%E9%98%BF%E6%A0%B9%E5%BB%B7&imgUrl=AR.png&defaultType=0","2026-08-08 18:00 CST","日期控件可读取"
"南美洲","智利","智利","标准库","2023-05-31","2026-05-31","","","https://dd.data1688.com/custom/countrySearch?country=%E6%99%BA%E5%88%A9&imgUrl=CL.png&defaultType=0","2026-08-08 18:00 CST","日期控件可读取"
"南美洲","秘鲁","秘鲁","标准库","2023-06-30","2026-06-30","","","https://dd.data1688.com/custom/countrySearch?country=%E7%A7%98%E9%B2%81&imgUrl=PE.png&defaultType=0","2026-08-08 18:00 CST","日期控件可读取"
"南美洲","哥伦比亚","哥伦比亚","标准库","2023-05-31","2026-05-31","","","https://dd.data1688.com/custom/countrySearch?country=%E5%93%A5%E4%BC%A6%E6%AF%94%E4%BA%9A&imgUrl=CO.png&defaultType=0","2026-08-08 18:00 CST","日期控件可读取"
"南美洲","玻利维亚","玻利维亚","标准库","2015-07-01","2018-07-01","","","https://dd.data1688.com/custom/countrySearch?country=%E7%8E%BB%E5%88%A9%E7%BB%B4%E4%BA%9A&imgUrl=BO.png&defaultType=0","2026-08-08 18:00 CST","日期控件可读取"
"南美洲","委内瑞拉","委内瑞拉","标准库","2021-08-01","2024-08-01","","","https://dd.data1688.com/custom/countrySearch?country=%E5%A7%94%E5%86%85%E7%91%9E%E6%8B%89&imgUrl=VE.png&defaultType=0","2026-08-08 18:00 CST","日期控件可读取"
"南美洲","委内瑞拉提单","委内瑞拉","提单","2022-09-01","2025-09-01","","","https://dd.data1688.com/custom/countrySearch?country=%E5%A7%94%E5%86%85%E7%91%9E%E6%8B%89%E6%8F%90%E5%8D%95&imgUrl=VE.png&defaultType=0","2026-08-08 18:00 CST","日期控件可读取"
"南美洲","巴拉圭","巴拉圭","标准库","2023-07-31","2026-07-31","","","https://dd.data1688.com/custom/countrySearch?country=%E5%B7%B4%E6%8B%89%E5%9C%AD&imgUrl=PY.png&defaultType=0","2026-08-08 18:00 CST","日期控件可读取"
"南美洲","巴拉圭关单","巴拉圭","关单","2020-03-31","2023-03-31","","","https://dd.data1688.com/custom/countrySearch?country=%E5%B7%B4%E6%8B%89%E5%9C%AD%E5%85%B3%E5%8D%95&imgUrl=PY.png&defaultType=0","2026-08-08 18:00 CST","日期控件可读取"
"南美洲","乌拉圭","乌拉圭","标准库","2023-07-31","2026-07-31","","","https://dd.data1688.com/custom/countrySearch?country=%E4%B9%8C%E6%8B%89%E5%9C%AD&imgUrl=UY.png&defaultType=0","2026-08-08 18:00 CST","日期控件可读取"
"南美洲","厄瓜多尔","厄瓜多尔","标准库","2023-07-31","2026-07-31","","","https://dd.data1688.com/custom/countrySearch?country=%E5%8E%84%E7%93%9C%E5%A4%9A%E5%B0%94&imgUrl=EC.png&defaultType=0","2026-08-08 18:00 CST","日期控件可读取"
"南美洲","巴西","巴西","标准库","2022-11-30","2025-11-30","","","https://dd.data1688.com/custom/countrySearch?country=%E5%B7%B4%E8%A5%BF&imgUrl=BR.png&defaultType=0","2026-08-08 18:00 CST","日期控件可读取"
"南美洲","巴西提单","巴西","提单","2022-05-27","2025-05-27","","","https://dd.data1688.com/custom/countrySearch?country=%E5%B7%B4%E8%A5%BF%E6%8F%90%E5%8D%95&imgUrl=BR.png&defaultType=0","2026-08-08 18:00 CST","日期控件可读取"
"南美洲","巴西海运提单","巴西","海运提单","2022-03-31","2025-03-31","","","https://dd.data1688.com/custom/countrySearch?country=%E5%B7%B4%E8%A5%BF%E6%B5%B7%E8%BF%90%E6%8F%90%E5%8D%95&imgUrl=BR.png&defaultType=0","2026-08-08 18:00 CST","日期控件可读取"
"南美洲","巴西统计","巴西","统计","2018-03-01","2021-03-01","","","https://dd.data1688.com/custom/countrySearch?country=%E5%B7%B4%E8%A5%BF%E7%BB%9F%E8%AE%A1&imgUrl=BR.png&defaultType=0","2026-08-08 18:00 CST","日期控件可读取"
"欧洲","俄罗斯","俄罗斯","标准库","2022-03-31","2025-03-31","","","https://dd.data1688.com/custom/countrySearch?country=%E4%BF%84%E7%BD%97%E6%96%AF&imgUrl=RU.png&defaultType=0","2026-08-08 18:00 CST","日期控件可读取"
"欧洲","乌克兰","乌克兰","标准库","2023-06-30","2026-06-30","","","https://dd.data1688.com/custom/countrySearch?country=%E4%B9%8C%E5%85%8B%E5%85%B0&imgUrl=UA.png&defaultType=0","2026-08-08 18:00 CST","日期控件可读取"
"欧洲","英国","英国","标准库","2023-05-30","2026-05-30","","","https://dd.data1688.com/custom/countrySearch?country=%E8%8B%B1%E5%9B%BD&imgUrl=GB.png&defaultType=0","2026-08-08 18:00 CST","日期控件可读取"
"欧洲","欧盟","欧盟","标准库","2015-01-01","2018-01-01","","","https://dd.data1688.com/custom/countrySearch?country=%E6%AC%A7%E7%9B%9F&imgUrl=EU.png&defaultType=0","2026-08-08 18:00 CST","日期控件可读取"
"欧洲","摩尔多瓦","摩尔多瓦","标准库","2019-12-31","2022-12-31","","","https://dd.data1688.com/custom/countrySearch?country=%E6%91%A9%E5%B0%94%E5%A4%9A%E7%93%A6&imgUrl=MD.png&defaultType=0","2026-08-08 18:00 CST","日期控件可读取"
"欧洲","德国","德国","标准库","2013-12-31","2016-12-31","","","https://dd.data1688.com/custom/countrySearch?country=%E5%BE%B7%E5%9B%BD&imgUrl=DE.png&defaultType=0","2026-08-08 18:00 CST","日期控件可读取"
"欧洲","法国","法国","标准库","2013-12-31","2016-12-31","","","https://dd.data1688.com/custom/countrySearch?country=%E6%B3%95%E5%9B%BD&imgUrl=FR.png&defaultType=0","2026-08-08 18:00 CST","日期控件可读取"
"欧洲","波兰","波兰","标准库","2009-12-31","2012-12-31","","","https://dd.data1688.com/custom/countrySearch?country=%E6%B3%A2%E5%85%B0&imgUrl=PL.png&defaultType=0","2026-08-08 18:00 CST","日期控件可读取"
"亚洲","孟加拉","孟加拉","标准库","2023-06-30","2026-06-30","","","https://dd.data1688.com/custom/countrySearch?country=%E5%AD%9F%E5%8A%A0%E6%8B%89&imgUrl=BD.png&defaultType=0","2026-08-08 18:00 CST","日期控件可读取"
"亚洲","巴基斯坦","巴基斯坦","标准库","2018-04-07","2021-04-07","","","https://dd.data1688.com/custom/countrySearch?country=%E5%B7%B4%E5%9F%BA%E6%96%AF%E5%9D%A6&imgUrl=PK.png&defaultType=0","2026-08-08 18:00 CST","日期控件可读取"
"亚洲","巴基斯坦关单","巴基斯坦","关单","2023-07-31","2026-07-31","","","https://dd.data1688.com/custom/countrySearch?country=%E5%B7%B4%E5%9F%BA%E6%96%AF%E5%9D%A6%E5%85%B3%E5%8D%95&imgUrl=PK.png&defaultType=0","2026-08-08 18:00 CST","日期控件可读取"
"亚洲","印度全港","印度","全港","2023-02-28","2026-02-28","","","https://dd.data1688.com/custom/countrySearch?country=%E5%8D%B0%E5%BA%A6%E5%85%A8%E6%B8%AF&imgUrl=IN.png&defaultType=0","2026-08-08 18:00 CST","日期控件可读取"
"亚洲","印度快版","印度","快版","2020-11-20","2023-11-20","","","https://dd.data1688.com/custom/countrySearch?country=%E5%8D%B0%E5%BA%A6%E5%BF%AB%E7%89%88&imgUrl=IN.png&defaultType=0","2026-08-08 18:00 CST","日期控件可读取"
"亚洲","印度孟买","印度","孟买","2017-06-30","2020-06-30","","","https://dd.data1688.com/custom/countrySearch?country=%E5%8D%B0%E5%BA%A6%E5%AD%9F%E4%B9%B0&imgUrl=IN.png&defaultType=0","2026-08-08 18:00 CST","日期控件可读取"
"亚洲","韩国","韩国","标准库","2011-09-01","2014-09-01","","","https://dd.data1688.com/custom/countrySearch?country=%E9%9F%A9%E5%9B%BD&imgUrl=KR.png&defaultType=0","2026-08-08 18:00 CST","日期控件可读取"
"亚洲","中国台湾","中国台湾","标准库","","","","","https://dd.data1688.com/custom/countrySearch?country=%E4%B8%AD%E5%9B%BD%E5%8F%B0%E6%B9%BE&imgUrl=TW.png&defaultType=0","2026-08-08 18:00 CST","页面未显示查询字段及日期控件"
"亚洲","越南","越南","标准库","2018-12-31","2021-12-31","","","https://dd.data1688.com/custom/countrySearch?country=%E8%B6%8A%E5%8D%97&imgUrl=VN.png&defaultType=0","2026-08-08 18:00 CST","日期控件可读取"
"亚洲","越南全港","越南","全港","2023-06-30","2026-06-30","","","https://dd.data1688.com/custom/countrySearch?country=%E8%B6%8A%E5%8D%97%E5%85%A8%E6%B8%AF&imgUrl=VN.png&defaultType=0","2026-08-08 18:00 CST","日期控件可读取"
"亚洲","哈萨克斯坦","哈萨克斯坦","标准库","2023-06-30","2026-06-30","","","https://dd.data1688.com/custom/countrySearch?country=%E5%93%88%E8%90%A8%E5%85%8B%E6%96%AF%E5%9D%A6&imgUrl=KZ.png&defaultType=0","2026-08-08 18:00 CST","日期控件可读取"
"亚洲","日本","日本","标准库","2013-12-31","2016-12-31","","","https://dd.data1688.com/custom/countrySearch?country=%E6%97%A5%E6%9C%AC&imgUrl=JP.png&defaultType=0","2026-08-08 18:00 CST","日期控件可读取"
"亚洲","乌兹别克斯坦","乌兹别克斯坦","标准库","2023-06-30","2026-06-30","","","https://dd.data1688.com/custom/countrySearch?country=%E4%B9%8C%E5%85%B9%E5%88%AB%E5%85%8B%E6%96%AF%E5%9D%A6&imgUrl=UZ.png&defaultType=0","2026-08-08 18:00 CST","日期控件可读取"
"亚洲","菲律宾","菲律宾","标准库","2017-12-31","2020-12-31","","","https://dd.data1688.com/custom/countrySearch?country=%E8%8F%B2%E5%BE%8B%E5%AE%BE&imgUrl=PH.png&defaultType=0","2026-08-08 18:00 CST","日期控件可读取"
"亚洲","菲律宾新版","菲律宾","新版","2023-06-30","2026-06-30","","","https://dd.data1688.com/custom/countrySearch?country=%E8%8F%B2%E5%BE%8B%E5%AE%BE%E6%96%B0%E7%89%88&imgUrl=PH.png&defaultType=0","2026-08-08 18:00 CST","日期控件可读取"
"亚洲","斯里兰卡","斯里兰卡","标准库","2023-05-31","2026-05-31","","","https://dd.data1688.com/custom/countrySearch?country=%E6%96%AF%E9%87%8C%E5%85%B0%E5%8D%A1&imgUrl=LK.png&defaultType=0","2026-08-08 18:00 CST","日期控件可读取"
"亚洲","印度尼西亚","印度尼西亚","标准库","2023-06-30","2026-06-30","","","https://dd.data1688.com/custom/countrySearch?country=%E5%8D%B0%E5%BA%A6%E5%B0%BC%E8%A5%BF%E4%BA%9A&imgUrl=ID.png&defaultType=0","2026-08-08 18:00 CST","日期控件可读取"
"亚洲","泰国","泰国","标准库","2020-03-31","2023-03-31","","","https://dd.data1688.com/custom/countrySearch?country=%E6%B3%B0%E5%9B%BD&imgUrl=TH.png&defaultType=0","2026-08-08 18:00 CST","日期控件可读取"
"亚洲","土耳其","土耳其","标准库","2022-06-03","2025-06-03","","","https://dd.data1688.com/custom/countrySearch?country=%E5%9C%9F%E8%80%B3%E5%85%B6&imgUrl=TR.png&defaultType=0","2026-08-08 18:00 CST","日期控件可读取"
"亚洲","吉尔吉斯斯坦","吉尔吉斯斯坦","标准库","2011-12-31","2014-12-31","","","https://dd.data1688.com/custom/countrySearch?country=%E5%90%89%E5%B0%94%E5%90%89%E6%96%AF%E6%96%AF%E5%9D%A6&imgUrl=KG.png&defaultType=0","2026-08-08 18:00 CST","日期控件可读取"
"非洲","埃塞俄比亚","埃塞俄比亚","标准库","2023-06-30","2026-06-30","","","https://dd.data1688.com/custom/countrySearch?country=%E5%9F%83%E5%A1%9E%E4%BF%84%E6%AF%94%E4%BA%9A&imgUrl=ET.png&defaultType=0","2026-08-08 18:00 CST","日期控件可读取"
"非洲","乌干达","乌干达","标准库","2023-05-31","2026-05-31","","","https://dd.data1688.com/custom/countrySearch?country=%E4%B9%8C%E5%B9%B2%E8%BE%BE&imgUrl=UG.png&defaultType=0","2026-08-08 18:00 CST","日期控件可读取"
"非洲","肯尼亚","肯尼亚","标准库","2023-06-30","2026-06-30","","","https://dd.data1688.com/custom/countrySearch?country=%E8%82%AF%E5%B0%BC%E4%BA%9A&imgUrl=KE.png&defaultType=0","2026-08-08 18:00 CST","日期控件可读取"
"非洲","利比里亚","利比里亚","标准库","2018-12-31","2021-12-31","","","https://dd.data1688.com/custom/countrySearch?country=%E5%88%A9%E6%AF%94%E9%87%8C%E4%BA%9A&imgUrl=LR.png&defaultType=0","2026-08-08 18:00 CST","日期控件可读取"
"非洲","莱索托","莱索托","标准库","2023-06-30","2026-06-30","","","https://dd.data1688.com/custom/countrySearch?country=%E8%8E%B1%E7%B4%A2%E6%89%98&imgUrl=LS.png&defaultType=0","2026-08-08 18:00 CST","日期控件可读取"
"非洲","纳米比亚","纳米比亚","标准库","2023-06-25","2026-06-25","","","https://dd.data1688.com/custom/countrySearch?country=%E7%BA%B3%E7%B1%B3%E6%AF%94%E4%BA%9A&imgUrl=NA.png&defaultType=0","2026-08-08 18:00 CST","日期控件可读取"
"非洲","科特迪瓦","科特迪瓦","标准库","2023-06-30","2026-06-30","","","https://dd.data1688.com/custom/countrySearch?country=%E7%A7%91%E7%89%B9%E8%BF%AA%E7%93%A6&imgUrl=CI.png&defaultType=0","2026-08-08 18:00 CST","日期控件可读取"
"非洲","尼日利亚","尼日利亚","标准库","2022-09-23","2025-09-23","","","https://dd.data1688.com/custom/countrySearch?country=%E5%B0%BC%E6%97%A5%E5%88%A9%E4%BA%9A&imgUrl=NG.png&defaultType=0","2026-08-08 18:00 CST","日期控件可读取"
"非洲","刚果民主共和国","刚果民主共和国","标准库","2016-12-31","2019-12-31","","","https://dd.data1688.com/custom/countrySearch?country=%E5%88%9A%E6%9E%9C%E6%B0%91%E4%B8%BB%E5%85%B1%E5%92%8C%E5%9B%BD&imgUrl=CD.png&defaultType=0","2026-08-08 18:00 CST","日期控件可读取"
"非洲","加纳","加纳","标准库","2023-06-30","2026-06-30","","","https://dd.data1688.com/custom/countrySearch?country=%E5%8A%A0%E7%BA%B3&imgUrl=GH.png&defaultType=0","2026-08-08 18:00 CST","日期控件可读取"
"非洲","津巴布韦","津巴布韦","标准库","2020-07-31","2023-07-31","","","https://dd.data1688.com/custom/countrySearch?country=%E6%B4%A5%E5%B7%B4%E5%B8%83%E9%9F%A6&imgUrl=ZW.png&defaultType=0","2026-08-08 18:00 CST","日期控件可读取"
"非洲","喀麦隆","喀麦隆","标准库","2023-06-30","2026-06-30","","","https://dd.data1688.com/custom/countrySearch?country=%E5%96%80%E9%BA%A6%E9%9A%86&imgUrl=CM.png&defaultType=0","2026-08-08 18:00 CST","日期控件可读取"
"非洲","乍得","乍得","标准库","2018-12-31","2021-12-31","","","https://dd.data1688.com/custom/countrySearch?country=%E4%B9%8D%E5%BE%97&imgUrl=TD.png&defaultType=0","2026-08-08 18:00 CST","日期控件可读取"
"非洲","中非","中非","标准库","2018-12-31","2021-12-31","","","https://dd.data1688.com/custom/countrySearch?country=%E4%B8%AD%E9%9D%9E&imgUrl=CF.png&defaultType=0","2026-08-08 18:00 CST","日期控件可读取"
"非洲","博茨瓦纳","博茨瓦纳","标准库","2023-03-31","2026-03-31","","","https://dd.data1688.com/custom/countrySearch?country=%E5%8D%9A%E8%8C%A8%E7%93%A6%E7%BA%B3&imgUrl=BW.png&defaultType=0","2026-08-08 18:00 CST","日期控件可读取"
"非洲","坦桑尼亚","坦桑尼亚","标准库","2023-06-30","2026-06-30","","","https://dd.data1688.com/custom/countrySearch?country=%E5%9D%A6%E6%A1%91%E5%B0%BC%E4%BA%9A&imgUrl=TZ.png&defaultType=0","2026-08-08 18:00 CST","日期控件可读取"
"大洋洲","斐济","斐济","标准库","2018-10-31","2021-10-31","","","https://dd.data1688.com/custom/countrySearch?country=%E6%96%90%E6%B5%8E&imgUrl=FJ.png&defaultType=0","2026-08-08 18:00 CST","日期控件可读取"
"其他/综合","船运","船运","标准库","2020-07-19","2023-07-19","","","https://dd.data1688.com/custom/countrySearch?country=%E8%88%B9%E8%BF%90&imgUrl=transport.png&defaultType=0","2026-08-08 18:00 CST","日期控件可读取"
"其他/综合","独联体","独联体","标准库","2021-10-31","2024-10-31","","","https://dd.data1688.com/custom/countrySearch?country=%E7%8B%AC%E8%81%94%E4%BD%93&imgUrl=EN.png&defaultType=0","2026-08-08 18:00 CST","日期控件可读取"
"其他/综合","环球提单","环球","提单","2023-05-31","2026-05-31","","","https://dd.data1688.com/custom/countrySearch?country=%E7%8E%AF%E7%90%83%E6%8F%90%E5%8D%95&imgUrl=GO.png&defaultType=0","2026-08-08 18:00 CST","日期控件可读取"