数据源,进出口,日期,HS编码,商品描述,采购商,供应商,重量,数量,金额,目的国地区,原产国地区,操作,查询标签,查询内序号,范围初筛
印度全港,出口,2025-11-17,84818030,D73244 CV1500 CARBON STEEL VALVES BOLT HEX M16X2 X 100MM LAS B7 EIL 3 1,ARMSTRONG MACHINERY (CHINA) CO.LTD,ARMSTRONG INTERNATIONAL PRIVATE LIMITED,,100.00,110.00,China,India,收藏,35_bolt,1,范围外（其他货物或总成）
印度全港,出口,2025-04-01,84818030,D73255 CV1500 Carbon Steel Valves BOLT HEX M16X 2 X 90MM LAS B7 EIL 3.1,"ARMSTRONG MACHINERY (CHINA) CO.,LTD",ARMSTRONG INTERNATIONAL PRIVATE LIMITED,,200.00,228.00,China,India,收藏,35_bolt,2,范围外（其他货物或总成）
越南全港,出口,2024-09-13,73181610,"702-100139-01A#&Nut, used for bolts, threaded, carbon steel, length 5mm, outside body diameter not exceeding 16mm, used in server case assembly (exported from TKN: 106275334320/E11 line 26), 100% new#&CN","ASIA VITAL COMPONENTS (DONGGUAN) CO., LTD",CôNG TY TNHH KHOA HọC Kỹ THUậT AVC (VIệT NAM),,1600.00,617449.60,China,Vietnam,收藏,35_bolt,3,范围外（螺母）
印度全港,出口,2024-08-22,73181500,DESCRIPTION: HEX BOLT (MADE OF CARBON STEEL) DIN 933 SIZE.M8x40,WENZHOU FENGDING FASTENER MANUFACT,KRISHNA ENTERPRISES,,930.63,708.22,China,India,收藏,35_bolt,4,措施范围候选—原产地/尺寸待核
印度全港,出口,2024-08-22,73181500,DESCRIPTION: HEX BOLT (MADE OF CARBON STEEL) DIN 933 SIZE.M12x60,WENZHOU FENGDING FASTENER MANUFACT,KRISHNA ENTERPRISES,,921.85,689.56,China,India,收藏,35_bolt,5,措施范围候选—原产地/尺寸待核
印度全港,出口,2024-08-22,73181500,DESCRIPTION: HEX BOLT (MADE OF CARBON STEEL) DIN 933 SIZE.M12x50,WENZHOU FENGDING FASTENER MANUFACT,KRISHNA ENTERPRISES,,2705.67,2023.87,China,India,收藏,35_bolt,6,措施范围候选—原产地/尺寸待核
印度全港,出口,2024-08-22,73181500,DESCRIPTION: HEX BOLT (MADE OF CARBON STEEL) DIN 933 SIZE.M12x35,WENZHOU FENGDING FASTENER MANUFACT,KRISHNA ENTERPRISES,,920.77,688.74,China,India,收藏,35_bolt,7,措施范围候选—原产地/尺寸待核
印度全港,出口,2024-08-22,73181500,DESCRIPTION: HEX BOLT (MADE OF CARBON STEEL) DIN 933 SIZE.M12x30,WENZHOU FENGDING FASTENER MANUFACT,KRISHNA ENTERPRISES,,375.00,280.50,China,India,收藏,35_bolt,8,措施范围候选—原产地/尺寸待核
印度全港,出口,2024-08-22,73181500,DESCRIPTION: HEX BOLT (MADE OF CARBON STEEL) DIN 933 SIZE.M10x50,WENZHOU FENGDING FASTENER MANUFACT,KRISHNA ENTERPRISES,,937.98,701.61,China,India,收藏,35_bolt,9,措施范围候选—原产地/尺寸待核
印度全港,出口,2024-08-22,73181500,DESCRIPTION: HEX BOLT (MADE OF CARBON STEEL) DIN 933 SIZE.M10x45,WENZHOU FENGDING FASTENER MANUFACT,KRISHNA ENTERPRISES,,934.93,699.33,China,India,收藏,35_bolt,10,措施范围候选—原产地/尺寸待核
印度全港,出口,2024-08-22,73181500,DESCRIPTION: HEX BOLT (MADE OF CARBON STEEL) DIN 933 SIZE.M10x40,WENZHOU FENGDING FASTENER MANUFACT,KRISHNA ENTERPRISES,,359.17,268.66,China,India,收藏,35_bolt,11,措施范围候选—原产地/尺寸待核
印度全港,出口,2024-08-22,73181500,DESCRIPTION: HEX BOLT (MADE OF CARBON STEEL) DIN 933 SIZE.M12x100,WENZHOU FENGDING FASTENER MANUFACT,KRISHNA ENTERPRISES,,974.03,728.57,China,India,收藏,35_bolt,12,措施范围候选—原产地/尺寸待核
印度全港,出口,2024-08-22,73181500,DESCRIPTION: HEX BOLT (MADE OF CARBON STEEL) DIN 933 SIZE.M12x65,WENZHOU FENGDING FASTENER MANUFACT,KRISHNA ENTERPRISES,,933.84,698.51,China,India,收藏,35_bolt,13,措施范围候选—原产地/尺寸待核
印度全港,出口,2024-08-22,73181500,DESCRIPTION: HEX BOLT (MADE OF CARBON STEEL) DIN 933 SIZE.M12x75,WENZHOU FENGDING FASTENER MANUFACT,KRISHNA ENTERPRISES,,939.63,702.84,China,India,收藏,35_bolt,14,措施范围候选—原产地/尺寸待核
印度全港,出口,2024-08-22,73181500,DESCRIPTION: HEX BOLT (MADE OF CARBON STEEL) DIN 933 SIZE.M12x40,WENZHOU FENGDING FASTENER MANUFACT,KRISHNA ENTERPRISES,,2737.48,2047.64,China,India,收藏,35_bolt,15,措施范围候选—原产地/尺寸待核
印度全港,出口,2024-08-22,73181500,DESCRIPTION: HEX BOLT (MADE OF CARBON STEEL) DIN 933 SIZE.M12x25,WENZHOU FENGDING FASTENER MANUFACT,KRISHNA ENTERPRISES,,955.06,714.38,China,India,收藏,35_bolt,16,措施范围候选—原产地/尺寸待核
印度全港,出口,2024-08-22,73181500,DESCRIPTION: HEX BOLT (MADE OF CARBON STEEL) DIN 933 SIZE.M12x30,WENZHOU FENGDING FASTENER MANUFACT,KRISHNA ENTERPRISES,,575.00,430.10,China,India,收藏,35_bolt,17,措施范围候选—原产地/尺寸待核
印度全港,出口,2024-08-22,73181500,DESCRIPTION: HEX BOLT (MADE OF CARBON STEEL) DIN 933 SIZE.M10x55,WENZHOU FENGDING FASTENER MANUFACT,KRISHNA ENTERPRISES,,939.03,702.39,China,India,收藏,35_bolt,18,措施范围候选—原产地/尺寸待核
美国,进口,2024-08-20,,CARBON STEEL BOLT,SHAANXI LASTING NEW MATERIAL INDUST,SHAANXI LASTING NEW MATERIAL INDUST,38450.00,22.00,,China,China,收藏,35_bolt,19,措施范围候选—原产地/尺寸待核
越南全港,出口,2026-02-13,84834090,"500385923#&Ball Screw, designed for the HDMx machine, made of high carbon alloy steel,123mm length, 10mm diameter, 5mm pitch, polished, used for moving an assembly of parts up and down#&SG",INTEL PRODUCTS CHENGDU,CôNG TY TNHH INTEL PRODUCTS VIệT NAM,,10.00,113476000.00,China,Vietnam,收藏,35_screw,1,范围外（其他货物或总成）
印度尼西亚,出口,2026-02-10,85189090,WOOD SCREW CARBON STEEL INNER HEXAGON SOCKET HEAD HEXAGON TF3.5X 2.8P X 20 BLACK,DONGGUAN MEILOON ACOUSTIC EQUIPMENTS CO LTD,MEILOON TECHNOLOGY INDONESIA,30.49,30493.00,476.15,China,Indonesia,收藏,35_screw,2,范围外候选（杆径不超过6毫米）
印度尼西亚,出口,2026-02-10,85189090,WOOD SCREW CARBON STEEL FLAT TOP COUNTERSUNK HEAD CROSS(+) TF3.5X 2.8P X 20 BLACK,DONGGUAN MEILOON ACOUSTIC EQUIPMENTS CO LTD,MEILOON TECHNOLOGY INDONESIA,14.50,28992.00,440.13,China,Indonesia,收藏,35_screw,3,范围外候选（杆径不超过6毫米）
印度尼西亚,出口,2026-02-10,85189090,MACHINE SCREW 1006 CARBON STEEL INNER HEXAGON SOCKET HEAD HEXAGON MF6X 1.27P X 22 BLACK,DONGGUAN MEILOON ACOUSTIC EQUIPMENTS CO LTD,MEILOON TECHNOLOGY INDONESIA,94.97,18993.00,856.77,China,Indonesia,收藏,35_screw,4,范围待核
印度全港,出口,2025-03-10,84818030,CV1500 Carbon Steel Valves SCREW CAP M4X .17 X 10MM SS 18-8 HEX SOC HD P/N: D76090,"ARMSTRONG MACHINERY (CHINA) CO.,LTD",ARMSTRONG INTERNATIONAL PRIVATE LIMITED,,100.00,11.00,China,India,收藏,35_screw,5,范围外（其他货物或总成）
印度全港,出口,2025-01-23,90330000,"SET SCREW M4X15, CARBON STEEL(OXIDATIONBLACK), STANDARD PART CS3010081","FRESENIUS KABI (NANCHANG) CO., LTD",VINYAS INNOVATIVE TECHNOLOGIES LIMITED,,5.00,10.00,China,India,收藏,35_screw,6,范围外候选（杆径不超过6毫米）
印度全港,出口,2025-01-23,90330000,"HALF-ROUND HEAD TAPING SCREW PA2.6X6,CARBON STEEL, STANDARD PART CS3010023","FRESENIUS KABI (NANCHANG) CO., LTD",VINYAS INNOVATIVE TECHNOLOGIES LIMITED,,5.00,10.00,China,India,收藏,35_screw,7,范围外候选（杆径不超过6毫米）
印度全港,出口,2025-01-23,90330000,"HALF-ROUND HEAD TAPING SCREW PA1.7X5,CARBON STEEL, STANDARD PART CS3010020","FRESENIUS KABI (NANCHANG) CO., LTD",VINYAS INNOVATIVE TECHNOLOGIES LIMITED,,5.00,10.00,China,India,收藏,35_screw,8,范围外候选（杆径不超过6毫米）
印度全港,出口,2025-01-21,90330000,"HALF-ROUND HEAD TAPING SCREW PA2.6X6,CARBON STEEL, STANDARD PART CS3010023","FRESENIUS KABI (NANCHANG) CO., LTD",VINYAS INNOVATIVE TECHNOLOGIES LIMITED,,5.00,10.00,China,India,收藏,35_screw,9,范围外候选（杆径不超过6毫米）
印度全港,出口,2025-01-21,90330000,"HALF-ROUND HEAD TAPING SCREW PA1.7X5,CARBON STEEL, STANDARD PART CS3010020","FRESENIUS KABI (NANCHANG) CO., LTD",VINYAS INNOVATIVE TECHNOLOGIES LIMITED,,5.00,10.00,China,India,收藏,35_screw,10,范围外候选（杆径不超过6毫米）
印度全港,出口,2025-01-21,90330000,"SET SCREW M4X15, CARBON STEEL(OXIDATIONBLACK), STANDARD PART CS3010081","FRESENIUS KABI (NANCHANG) CO., LTD",VINYAS INNOVATIVE TECHNOLOGIES LIMITED,,5.00,10.00,China,India,收藏,35_screw,11,范围外候选（杆径不超过6毫米）
越南全港,出口,2026-01-14,73182200,"694104001-012026#&Vòng hãm (phe gài) bằng thép, kích thước (9.25X1)mm, dùng cho dụng cụ cầm tay - RETAINING WASHER, CARBON SPRING STEEL , ID9.25XTHICK1.0. Hàng mới 100%#&VN",JOY PROSPER ENTERPRISE COMPANY LIMITED/TTI PARTNERS SPC,CôNG TY TNHH GIA CôNG SảN XUấT Cơ KHí NGũ KIM SUNLUEN VIệT NAM,,950.00,620050.58,China,Vietnam,收藏,35_washer,1,措施范围候选—原产地/尺寸待核
越南全港,出口,2025-10-14,73182200,"694104001-102025#&Vòng hãm (phe gài) bằng thép, kích thước (9.25X1)mm, dùng cho dụng cụ cầm tay - RETAINING WASHER, CARBON SPRING STEEL , ID9.25XTHICK1.0. Hàng mới 100%#&VN",JOY PROSPER ENTERPRISE COMPANY LIMITED/TTI PARTNERS SPC,CôNG TY TNHH GIA CôNG SảN XUấT Cơ KHí NGũ KIM SUNLUEN VIệT NAM,,500.00,327692.55,China,Vietnam,收藏,35_washer,2,措施范围候选—原产地/尺寸待核
越南全港,出口,2025-06-28,73182200,"694104001-062025#&Vòng hãm (phe gài) bằng thép, kích thước (9.25X1)mm, dùng cho dụng cụ cầm tay - RETAINING WASHER, CARBON SPRING STEEL , ID9.25XTHICK1.0. Hàng mới 100%#&VN",JOY PROSPER ENTERPRISE COMPANY LIMITED/TTI PARTNERS SPC,CôNG TY TNHH GIA CôNG SảN XUấT Cơ KHí NGũ KIM SUNLUEN VIệT NAM,,1500.00,965634.29,China,Vietnam,收藏,35_washer,3,措施范围候选—原产地/尺寸待核
越南全港,出口,2025-04-15,73182200,"694104001-042025#&Vòng hãm (phe gài) bằng thép, kích thước (9.25X1)mm, dùng cho dụng cụ cầm tay - RETAINING WASHER, CARBON SPRING STEEL , ID9.25XTHICK1.0. Hàng mới 100%#&VN",JOY PROSPER ENTERPRISE COMPANY LIMITED/TTI PARTNERS SPC,CôNG TY TNHH GIA CôNG SảN XUấT Cơ KHí NGũ KIM SUNLUEN VIệT NAM,,1500.00,964070.30,China,Vietnam,收藏,35_washer,4,措施范围候选—原产地/尺寸待核
美国,出口,2025-04-07,,"24 HOUR EMERGENCY RESPONSE TELEPHONE NUMBER 1 STEEL DRUM X 189L (1A1) UN3082, ENVIRONMENT 24 CARTONS OF CARBON FIBER (NON-HAZ) BICYCLE & MOTORCYCLE GEARS, GRIPS & MOTORCYC SEAL, PLASTIC AUTO TRANS SINGLE LOUDSPEAKERS, MOUNTED IN THEIR ENCLOS RETAINER WASHERS PROJECTOR WITH LITHIUM ION BATTERIES UNDER S PUMP PARTS 1 PLT GOODS DESCRIPTION:PUMP PARTS OILWELL SUPPLIES ALUMINUM PLATES WO0167593 F0073X01 2412000336 SHIPPER S LOAD AND COUNT 1X40HC CONTAINER(S)",---,ECU WORLDWIDE USA INC,18726.00,39.00,,China,United States,收藏,35_washer,5,范围外（其他货物或总成）
印度全港,出口,2025-01-23,90330000,"SPRING WASHER PH4, CARBON STEEL, SPCS3010272","FRESENIUS KABI (NANCHANG) CO., LTD",VINYAS INNOVATIVE TECHNOLOGIES LIMITED,,5.00,10.00,China,India,收藏,35_washer,6,范围待核
印度全港,出口,2025-01-23,90330000,"SPRING WASHER D3, CARBON STEEL, SPCS3010049","FRESENIUS KABI (NANCHANG) CO., LTD",VINYAS INNOVATIVE TECHNOLOGIES LIMITED,,5.00,10.00,China,India,收藏,35_washer,7,范围待核
印度全港,出口,2025-01-23,90330000,"FLAT WASHER D2XD6X0.3, CARBON STEEL,STANDARD PART CS3010124","FRESENIUS KABI (NANCHANG) CO., LTD",VINYAS INNOVATIVE TECHNOLOGIES LIMITED,,5.00,10.00,China,India,收藏,35_washer,8,范围待核
印度全港,出口,2025-01-21,90330000,"FLAT WASHER D2XD6X0.3, CARBON STEEL,STANDARD PART CS3010124","FRESENIUS KABI (NANCHANG) CO., LTD",VINYAS INNOVATIVE TECHNOLOGIES LIMITED,,5.00,10.00,China,India,收藏,35_washer,9,范围待核
印度全港,出口,2025-01-21,90330000,"SPRING WASHER PH4, CARBON STEEL, SPCS3010272","FRESENIUS KABI (NANCHANG) CO., LTD",VINYAS INNOVATIVE TECHNOLOGIES LIMITED,,5.00,10.00,China,India,收藏,35_washer,10,范围待核
印度全港,出口,2025-01-21,90330000,"SPRING WASHER D3, CARBON STEEL, SPCS3010049","FRESENIUS KABI (NANCHANG) CO., LTD",VINYAS INNOVATIVE TECHNOLOGIES LIMITED,,5.00,10.00,China,India,收藏,35_washer,11,范围待核
越南全港,出口,2024-10-08,73182200,"692043001#&Vòng đệm bằng thép (13x6.5x1mm) - WASHER, CARBON STEEL OD13xID6.5x1.0mm \ BLK. Hàng mới 100%.TKN:106524036730/E11.Dòng 8#&CN",TTI PARTNERS SPC ACTING FOR THE ACCOUNT OF MPV SP,CôNG TY TNHH TECHTRONIC TOOLS (VIệT NAM),,5.00,1388.77,China,Vietnam,收藏,35_washer,12,范围待核
