case_id,controlled_term_hit,description_guarantee_hit,licence_assertion_hit,non_dg_assertion_hit,email_count,emails,domain_count,domains,flag_context
GDRM26-144,0,1,1,1,1,anais.ji@vipercarbide.com,1,vipercarbide.com,"GDRM26-144貨運文件.pdf p.3: 品 名 保 函 TO: CX 兹 有 我 司 代 理 承 运 入 仓 1 票 货 物 , 信 息 如 下 : 主 单 号 : 160-06720696 件 数 : 5PLTS 毛 重 : 2720KGS 品 名 : 金 属 陶 瓷 粉 ( 镍 铬 碳 化 铬 ), 混 合 的 已 烧 结 金 属 碌 化 钧 ( 不 含 电 池 , 不 含 危 险 品 ) 以 上 商 品 不 需 要 商 品 许 可 证 , 出 现 任 何 问 题 我 司 自 行 承 担 ! A 秃 数 冉 二量亡;_ 4 盛 世 通 溃 鼻Z雇『′"
GDRM26-008,0,0,1,1,0,,0,,"GDRM26-008空運提單(160-03611812).pdf p.1: seo | ss| ss PAULL seo-onsiset2 Shippers Name and Address Shippers Account Number Not Negotiable 1 f CATHAY PACIFIC AIRWAYS LIMITED Air Waybill 33TH FLOOR, ONE PACIFIC PLACE PERFECT LOGISTICS CO LTD issued By 88 QUEENSWAY, HONG KONG UNIT B 19F GALAXY INTERNATI || GDRM26-008空運提單(160-03611812).pdf p.2: Kecelved Date: 23/Dec/ZUzZ> Page Master Air Waybill 、 MAWB No. : 160-03611812 、 Origin : NGB Destination : CLE Pieces : 3 Weight : 30.00K House Air Waybill HAWB No. : 12577424 Origin : NGB Destination : CLE Total Pieces : 3 HAWB SLAC : 3 Gross Weight : 30.00K  || GDRM26-008貨運文件(2)(160-03611812).pdf p.3: 货 物 安 全 证 明 国 泰 航 空 : 我 司 清 楚 地 认 识 到 危 险 物 品 对 航 空 运 输 安 全 及 旅 客 生 命 安 全 的 严 重 危 - 险 性 , 经 我 司 专 业 人 员 及 托 运 人 认 真 检 查 确 认 , 证 明 空 运 单 号 为 160- 03611812 共 3 件 _30 公 斤 , 详 细 货 物 品 名 为 _ 磁 钢 /MAGNET 不 含 有 如 下 危 险 品 : 毒 性 物 质 , 易 燃 液 体 , 易 燃 固 体 , 氧 化 物 , 有 机 过 "
GDRM26-074,0,0,1,0,0,,0,,"GDRM26-074貨運文件.pdf p.9: ( 三 ) 1C004 具 有 下 述 所 有 特 性 的 鹊 镇 铁 和 或 铨 镍 铜 合 金 。 我 司 产 品 材 质 均 不 属 于 。 特 此 声 明 , 我 司 产 品 不 在 如 上 10 号 公 告 管 制 范 围 内 , 不 需 要 两 用 物 项 许 可 证 。 . 我 司 如 实 申 报 , 愿 承 担 相 关 责 任 。 ′ 恳 请 海 关 放 行 , 为 盼 ! 洛 阳 康 搏 特 钧 钻 材 料 有 限 公 司 2026 年 1 月 15 号 H 汀 、 广 沥 日 小 FF | ee"
GDRM26-103,1,0,0,0,3,info@ptiayaditya.co.id;info@ptjayaditya.co.id;ysxs25@zzkeneng.com,3,ptiayaditya.co.id;ptjayaditya.co.id;zzkeneng.com,"GDRM26-103│f╣BñσÑ≤(1).pdf p.1: seo | 述 | a UTIL ON VON LV OUANERUA ANAL e ogoaa Shippers Name and Address Shipper's Account Number Not Negotiable A H CATHAY PACIFIC AIRWAYS LIMITED Air Waybill 33TH FLOOR, ONE PACIFIC PLACE SHANXI DONGXU RESOURCES LIMITED Issued By 88 QUEENSWAY, HONG KONG RO || GDRM26-103│f╣BñσÑ≤(2).pdf p.1: | 66068462 南 京 海 关 即 险 货 物 与 包 装 检 测 中 必 OA Kayes ee | 国 家 化 学 品 分 类 鉴 别 与 评 估 重 点 实 验 室 So We Bille IoRlGNAL 1 Design Report of Safety Data Sheet & RUSS 1 塞耍亘^苎…誓/薰【)′二 [〕〔誓2宕)′【歹呈熹菖茎{〔】 RE atic 2020/04/15 Ses | +e “Ee. Name of the | : E 会 木 Bismuth 。 检 验 检 测 || GDRM26-103│f╣BñσÑ≤(2).pdf p.2: Effective Date: 2020/04/15 DG2003362E , Bismuth 1 ZHUZHOU KENENG NEW MATERIAL CO、 LTD. 1 ® According to GHS (Seventh Revised Edition) 4 Section 1 Product and Company Identification > Product Identifier 「 Product Name Bismuth Synonyms - 气 CAS No. 7440-69-9 EC N"
GDRM26-137,1,0,0,0,3,hift1s@163.com;jy.lee@spm-korea.co.kr;sales@kcl.de,3,163.com;kcl.de;spm-korea.co.kr,"GDRM26-137 貨運文件.pdf p.8: 9.2 Other safety information 。 No data available c 一 一 | 10. STABILITY AND REACTIVITY 10.1 Reactivity No data available , 10.2 Chemical stability | Stable under recommended storage conditions. | 10.3 Possibility of hazardous reactions No data available 10.4 Co"
GDRM26-183,1,0,0,0,2,alice.zhu@qsnplus.com;krysta.pan@s5nplus.com,2,qsnplus.com;s5nplus.com,"GDRM26-183貨運文件(1).pdf p.1: *WAYBILL DOC* 5 笃 外 广 L Not to be attached to package - Hand to Courier WPX — 7 ~/,_,/(¢ “5 2026-03-04 (Reproduction) 1 2026-02-28 (Data Shipper : Contact: RLISSRMNGY4COJ KRYSTA.PAN/15067531747 KRYSTA.PAN NO.19 WEIYI EAST ROAD, HANGZHOU BAY INDUSTRIA ZONE, SHA || GDRM26-183貨運文件(2).pdf p.1: UMN AITO ILA A | 一 iB Bie 816 888 283 6 Page 2 | | 宫》_`\薯=='__皇'{【 曼 浦 汉 克 化 工 ( 上 虞 ) 有 限 公 司 5N PLUS SHANGYU CO, LTD Add: NO.18, WEIYI EAST ROAD, SHANGYU INDUSTRY ZONE HANGZHOU BAY,SHANGYU CITY ZHEJIANG PROVINCE, CHINA Tel: +86-575-82726210 82706000-267 Fax:"
GDRM26-065,1,0,0,1,1,hensonqian@sincemat.com,1,sincemat.com,"GDRM26-065貨運文件(1).pdf p.1: seo | e| osaazug uuuuQGQLQU 朊 国 coszsaul Shippers Name and Address Shippers Account Number Not Negotiable H H CATHAY PACIFIC AIRWAYS LIMITED Air Waybill 33TH FLOOR, ONE PACIFIC PLACE, ZHEJIANG STARLINC INTERNATIONAL issued By 88 QUEENSWAY, HONG KONG LOGISTICS  || GDRM26-065貨運文件(2).pdf p.8: 我 司 出 口 的 产 品 不 属 于 商 务 部 2025 年 10 号 公 告 中 钿 相 关 物 项 中 的 钼 粉 ( 海 关 商 品 编 码 810210001) , 货 物 不 在 两 用 物 项 范 围 内 , 以 上 情 况 属 实 , 如 有 不 符 , ain AN . ine oo \ ty ab26cira"
GDRM26-142,1,0,0,1,1,anais.ji@vipercarbide.com,1,vipercarbide.com,"GDRM26-142 貨運文件.pdf p.1: seo | won| _oezenss POT seo-a6n2n181 Shippers Name and Address ‘Shippers Account Number Not Negotiable Air Wavbill CATHAY PACIFIC AIRWAYS LIMITED y 33TH FLOOR, ONE PACIFIC PLACE VIPER CARBIDE METALS INC Issued By 88 QUEENSWAY, HONG KONG 6155 JACKSON RD UNIT 1  || GDRM26-142 貨運文件.pdf p.9: 情 况 说 明 香 港 海 关 : ~ 我 司 申 报 一 票 出 口 货 物 , 报 关 单 号 , 371520260000028052, 运 单 号 : 160-06727151,1 件 ,978 公 斤 , 混 合 的 已 烧 结 金 属 碳 化 钾 811300109, 我 司 此 次 出 口 的 产 品 现 做 如 下 说 明 。 | 一 、 钨 相 关 物 项 ( 一 )1C1L17. d, 钨 相 关 材 料 : 1, 仲 钨 酸 铰 ( 参 考 海 关 商 品 编 号 , 2841801000)  || GDRM26-142 貨運文件.pdf p.11: a 灰 黑 色 团 聚 球 形 状 的 粉 末 , 密 度 7 . 01g/cm , 霍 尔 流 速 11. 44s/50g。 内 部 结 构 为 松 散 状 态 , 经 过 热 喷 涂 商 品 属 性 : | 后 在 工 件 表 面 形 成 涂 层 达 到 防 腐 耐 磨 的 保 护 作 用 , 延 长 工 件 使 用 寿 命 。 热 喷 涂 后 的 涂 层 硬 度 HV0. 3 ( 在 维 氏 硬 度 0. 3kg 实 验 力 下 ) 硬 度 是 2369。 es CS. oom! Omos a os s 收 "
GDRM26-027,1,0,0,0,0,,0,,"GDRM26-027貨運文件.pdf p.1: *WAYBILL DOC* Noto beaches to package tana ocourer | \WVPX aS ee 2026-01-08 (Reproduction) / 2025-12-26 (Data Shipper : contact BTR NEW MATERIAL GROUP SALES CO., LTD. N v 7 uNeehe JINGPENG/13347891026 519 SOUTH FUXING ROAD, JINTAN DISTRICT, CHANG. ZHOU, JIANGS || GDRM26-027貨運文件.pdf p.3: —— [AOU AAU I! - Xe 59 240 2oo 3 Page 3 | WSS W 山 | NG,202501028051327 二 ′` 干 仁 w 6NAS 意 运 输 危 险 性 鉴 定 书 Hazard Classification and 1 Identification Report for Transport of Goods 非 限 制 性 优 物 关 1 , oS iN 样 品 名 称 : 。 焕 靥 处 理 的 琅 化 市 墓 ¢ 许 英 e 秀 “la | 是′′′′~〉「〉菩J"" || GDRM26-027貨運文件.pdf p.6: 贝 特 瑞 新 材 料 集 团 销 售 有 限 公 司 BTR New Material Group Sales Co.,Ltd. eee COMMERCIAL INVOICE INVOICENO.:BTR 10-26-3 DATE: 2025-10-26 Issuer: BTR New Material Group Sales Co., Ltd. Add:No.8,Guangyuan 4th Road,Dongkeng community,Fenghuang street, Guangming District,"
GDRM26-060,1,0,0,0,0,,0,,"GDRM26-060貨運文件.pdf p.1: *WAYBILL DOC* , g 一 L 人 一 [ 4 Not to be attached to package - Hand to Courier =A ae 2 a 2026-01-15 (Reproduction) / 2025-12-20 (Data Shipper : Contact: BTR NEW MATERIAL GROUP SALES CO., LTD. JINGPENG/13347891026 JINGPENG 519 SOUTH FUXING ROAD, JINTAN DISTRICT, || GDRM26-060貨運文件.pdf p.2: 贝 特 瑞 新 材 料 集 团 销 售 有 限 公 司 BTR NEW MATERIAL GROUP SALES CO., LTD. Tel: +86-752-3739968 Fax: +86-752-3739500 Website: www.btrchina.com COMMERCIAL INVOICE INVOICENO.: BTR 12-20-1 DATE: 2025-12-20 Issuer: Btr New Material Group Sales Co., Ltd. Add:No.8,Guangyuan || GDRM26-060貨運文件.pdf p.3: AEA AAI TAN ITM - 2 55 25 937 5 Pages i etc UST IAA 1 NO,202501028051327 | < UATE ge g ENASE: 远 输 危 险 性 鉴 定 书 | —_ Hazard Classification and | Identification Report for Transport of Goods | 非 限 制 性 贵 物 “ “oil : 」_ _— a * a | Lm: be 样 品 名 称 , 表 面 处 玟 的 球 化 石 黟 "
GDRM26-066,1,0,0,0,0,,0,,"GDRM26-066艙單及載貨清單.pdf p.7: 1/10 UTB PF-BI15_SDS ™%o» My) 化 学 品 安 全 技 术 说 明 书 产 品 名 称 : 电 镀 用 铠 盐 (UTB PF-BI15) 按 照 GB/T16483, GB/T 17519 编 制 修 订 日 期 : 2023/03/28 最 初 编 制 日 期 , 2011/12/27 第 一 部 分 “ 化 学 品 及 企 业 标 识 化 学 品 中 文 名 称 : 电 镀 用 铐 盐 化 学 品 英 文 名 称 : Bismuth salt for plating process || GDRM26-066艙單及載貨清單.pdf p.9: 3/10 UTB PF-BI15_SDS 产 品 名 称 : 电 镀 用 铐 盐 (OTB PF-BI15) 修 订 日 期 + 2023/03/28 第 三 部 分 成 分 / 组 成 信 息 纯 品 口 混 合 物 团 ee 刹 名 | 洙 度 或 浓 度 范 国 [ | _CAs Ne。 | 化 学 式 “ fe mes | 烷 基 磺 酸 钝 35 Bigsoue Bismuth(ID alkylsulfonate ( 铐 浓 度 为 15%) 30 水 甲 基 磺 酸 Methanesulfonic ac"
GDRM26-117,1,0,0,0,0,,0,,"GDRM26-117貨運文件.pdf p.1: JWAYBILL DOG"" g 一 _ 人 一 人 人 Not to be attached to package - Hand to Courier WPX =Apa a y= 2026-02-10 (Reproduction) / 2026-02-04 (Data Shipper : BTR NEW MATERIAL GROUP SALES CO., LTD. Contact: '′ 1 JINGPENG/13347891026 JINGPENG 519 SOUTH FUXING ROAD, JINTAN DI || GDRM26-117貨運文件.pdf p.3: CARO IU AIT TA TAT MW! 2 2 2 0 2 &&& 1 。 窒 i翼 「 x um 匹 oe 白 必 黯 运 输 危 险 性 益 定 书 1 Hazard Classification and Identification Report for Transport of Goods 非 限 制 性 货 物 | 袋 样 品 名 称 ; 表 面 处 理 的 球 化 石 恺 Zo OR 伟 | Be ye Sample Naine; Surface treated Spherical Graphit || GDRM26-117貨運文件.pdf p.4: | 明 伟 朋 人 川 朋 朋 育 2 2 2 22° ce 2 东 4 近 输 危 险 性 鉴 定 书 Hazard Classification and Identification Report NO, 202600715924728 for Transport of Goods Page 1/2 , PRITAM BREA 中 文 祥 品 名 称 [Chinese Sample Name Surface treated Spherical Graphite Uriate treate ef KX 『 Eng"
GDRM26-166,1,0,0,0,0,,0,,"GDRM26-166│f╣BñσÑ≤(2).pdf p.1: *WAYBILL DOC* yz)’ / A Not to be attached to package - Hand to Courier E Z 2026-02-27 (Reproduction) / 2026-02-22 (Data) Shipper : contact ntact: BTR NEW MATERIAL GROUP SALES CO.,LTD. * JINGPENG/13347891026 JINGPENG 519 SOUTH FUXING ROAD, JINTAN DISTRICT, CHAN || GDRM26-166│f╣BñσÑ≤(1).pdf p.1: 贝 特 瑞 新 材 料 集 团 销 售 有 限 公 司 BTR NEW MATERIAL GROUP SALES CO., LTD. Tel: +86-752-3739968 Fax: +86-752-3739500 Website: www.btrchina.com COMMERCIAL INVOICE INVOICENO.:BTR 2-22-2 DATE: 2026-2-22 Issuer: Btr New Material Group Sales Co., Ltd [A0042492] Add: Bldg N || GDRM26-166│f╣BñσÑ≤(1).pdf p.3: 一 一 | 园 胡 育 胡 胡胡 育 MM 朋 朐 胡 2 2 82° Rags | se 相 一 一 , ”……… | oer 0 Z ie or bt “df EE 4s : soil a , | CASE, 运 输 危 险 性 鉴 定 书 Hazard Classification and Identification Report for Transport of Goods | 非 限 制 性 货 物 | | 样 品 名 称 : 戚 一 处 理 的 球 化 石 恩 Sample Name: “Suifac"
GDRM26-168,1,0,0,0,0,,0,,"GDRM26-168貨物圖片.pdf p.4: 一 怀 吊 , 鳙嗽'_ \ ""\ R 一 | a? ene = wate x Per g d 尘 “ 一 ~F ee \ 4a — = ae a, \\ wi At i ha? = ms a 心 心 3 宏 r 一 伯 国 阮 口 一 “ay a ee —— fp >? 4) » 区 = | <> 7 二 ti 医 - 河 一 ae aXe 口 | ¥ 江 v 林一 - \ 3 La te we ive BS i = - 者 & 定 盯 / 荣 孔 aS Ao? 1 al | 圭 es 任 2 一 rc 公 技  || GDRM26-168貨物圖片.pdf p.5: \FORTIS ETALS 1 RODUCT: Bismuth Trioxide BSPECIFICATION: ECG FINE ! NET WEIGHT: 1 Kg BATCH NO; 20260205 MANUFACTURE DATE: February > VALIDITY DATE: February 4.2050"
GDRM26-184,1,0,0,0,0,,0,,"GDRM26-184貨運文件(2).pdf p.1: *WAYBILL DOC* | , g 乙 人 一 人 人 Not to be attached to package - Hand to Courier = 二 儡 5 多 加 damr 二 - 2026-03-05 (Reproduction) / 2026-03-02 (Data Shipper : Contact: ore INTERNATIONAL ELECTRONICS SERVICE CIES/13810764552 ROOM 302, BUILDING 1, NO. 28 JINGHAI 2ND R"
GDRM26-323,1,0,0,0,0,,0,,GDRM26-323貨運文件.pdf p.1: *WAYBILL D0C* g 友 奶 8 Not to be attached to package - Hand to Courier WPX =f asa 2026-06-29 (Reproduction) / 2026-06-26 (Data) Shipper : contact contac COHERENT THERMAL SOLUTION RUBEN AGUILAR/12145033372 RUBEN AGUILAR 10465 VISTA PARK ROAD DALLAS TX Texas 7523
GDRM26-189,0,0,0,0,12,cgo8cus@cathaypacific.com;cgo8exp@cathaypacific.com;clu@cpsl.com.hk;dl_chi_cgo_ail_staff@cathaypacific.com;dl_chi_cgo_all_staff@cathaypacific.com;dl_chi_cgo_services@cathaypacific.com;dl_xiy_cgo_aii_staff@cathaypacific.com;dl_xiy_cgo_all_staff@cathaypacific.com;ifc@cpslcom.hk;ifu@cpsl.com.hk;ord_cgobkg@cathaypacific.com;patrick_liu@cathaypacific.com,3,cathaypacific.com;cpsl.com.hk;cpslcom.hk,
GDRM26-050,0,0,0,1,3,clu@cpsl.com.hk;sale@bamstc.com;sale@bamste.com,3,bamstc.com;bamste.com;cpsl.com.hk,"GDRM26-050│f╣BñσÑ≤(1).pdf p.1: 160 | som |_ososoio2 UUM AYALA AT LA veo 2050032 Shipper's Name and Address Shppers Account Number Not Negotiable Air Waybill CATHAY PACIFIC AIRWAYS LIMITED y 33TH FLOOR, ONE PACIFIC PLACE 、 SILVER CHINA TRADING LIMITED Issued By 88 QUEENSWAY, HONG KONG RM B3 "
GDRM26-108,0,0,0,1,2,sds@airliquide.com;simon.olivier@airliquide.com,1,airliquide.com,GDRM26-108│f╣BñσÑ≤(2).pdf p.17: i 报 告 编 号 (Report NoJDGT22168C6002796H Page | of 3 Pages i 运 输 危 险 性 鉴 定 报 告 咤 吴 Hazard Classification and Identification Rep ort for Transport 鉴 定 目 的 是 否 属 于 航 空 运 输 危 险 品 ( Inspection Purpose | Dangerous goods or not restricted | 样 品 编 号 ′ BREW [cmp [Povene
GDRM26-153,0,0,0,0,2,info@cycarbide.com;lily@cycarbide.com,1,cycarbide.com,
GDRM26-185,0,0,0,0,2,guanjunli@hanztech.cn;guolj@ie.zgcc.com,2,hanztech.cn;ie.zgcc.com,
GDRM26-227,0,0,0,0,2,ap@candelamedical.com;tiffany@cryslaser.com,2,candelamedical.com;cryslaser.com,
GDRM26-005,0,0,0,0,1,varavin@kazminerals.com,1,kazminerals.com,
GDRM26-010,0,0,0,1,1,public@chinasdg.cn,1,chinasdg.cn,"GDRM26-010航空運輸危險性識別報告書(HWB TAOP1200126).pdf p.1: , AS ON 、 , Y 鬣】 吴 «A : 中 国 认 叶 h “ 朐 绍 用 口 ′__I〔晋_!更_ 检 验 , 非 限 制 性 货 犊 八 Soe 占 CAS inspecnon NOT RESTRICTED | % x eu ff cnas toi i 训 「_【一一一…-__壹智里疃辈墨薹墅霞!懦夏甄重晒…鹰墓嘲刁 刑 RKlesemy en 2 二埕彗堑墨重_叠!睾丈戛一-工暮_噩重噢置=置睾惠臭,】 | t 熹 P , 盖 | 、 | nS j 沙 ae 伟 1 i Ae = | 洁 | 航 空 "
GDRM26-015,0,0,0,0,1,sojs@carbidecn.com,1,carbidecn.com,
GDRM26-059,0,0,0,0,1,116556440@qq.com,1,qq.com,
GDRM26-111,0,0,0,1,1,sales@tth-group.com,1,tth-group.com,"GDRM26-111貨運文件.pdf p.5: OIA ANA A BN Now ore Tis ode 6 Page @ 中 广 测 _ os 口 - 一 、 、 基'黾_秦镣{i_'琶J ed Sa a £ No. NACCWX26007432 , Identification and Classification Report for Trans port 鉴 定 结 果 Conclusion , , 工 爆 炸 危 险 性 (Explosive Danger) : , 试 物 质 不 属 丁 爆 炸 危 险 品 。 The substance is no"
GDRM26-139,0,0,0,1,1,test@dgmchina.com.cn,1,dgmchina.com.cn,"GDRM26-139│f╣BñσÑ≤.pdf p.4: AZ g 火 4 固 i 史 ane My CNAS 董丨′言L垦堇金PEcT|or、】 gia ih cnas boo7s 恍 胫 君 非 限 制 性 物 品 NOT RESTRICTED = 1 a 航 空 运 输 危 险 性 鉴 别 报 告 | Identification and Classification Report for Air Transport of Goods eee en am eg 202631 报 告 编 号 ; PEKSZ202512280898ZP160003 Issued No. || GDRM26-139│f╣BñσÑ≤.pdf p.6: 北 京 迪 捷 姆 空 运 技 术 开 发 有 限 公 司 籼 城 ss 一 B F 一 鉴 别 目 的 | 是 否 属 于 航 致 运 输 危 陪 物 品 鉴 别 目 期 |o025 12 28 Identification Purpose |Dangerous Goods or not restricted Identification Date eee 鉴 别 依 据 中 文 “ . 一 PO Name of 国 - 一 Good 5 才 认 生 丘 厂 豪 | 仁 特 瑞 斧 材 料 集 团 股 伟 有 限 || GDRM26-139│f╣BñσÑ≤.pdf p.7: 北 家 地 捷 姆 空 运 技 术 开 发 有 限 公 司 ee ic NT ieee ee EO Se eee ee EEE ——E Eee 项 目 编 号 ` ) item No. PEKSZ2025 12280898 中 文 , Name of Goods wee English BTR Carbon Anode Materials 26 8 信 售 市 rfOup Seles ieee AIA ieheerces Goods Eegulations「 的 标 淅 迷 行 燕 烨 试 骏 , 祖 栾 品 在 "
GDRM26-141,0,0,0,1,1,test@demchina.com,1,demchina.com,"GDRM26-141│f╣BñσÑ≤.pdf p.10: , 北 宣 地 捷 姆 空 连 技 术 开 发 宁 限 公 司 ` gia Sak 技 Rs oe bay 9 | filed) ae ae a Pe ee rae ee rie EHRs ae cipal 1 LSS eager RR a i : 〉 : es) eee 3 ne of: - ′二′ - 一 ……^】…′二 s Se — E — eee a 一 3 c - ` mae ′ 2 E ol ee oe ee ee 居 伟 He: [eee | ee aa: Jor carton Anode Mater"
GDRM26-145,0,0,0,1,1,market@cagtic.cn,1,cagtic.cn,"GDRM26-145貨運文件.pdf p.1: seo | | aosat PLU UU veo-080096 Shipper's Name and Address Shippers Account Number Not Negotiable Air Wavbill CATHAY PACIFIC AIRWAYS LIMITED r y 33TH FLOOR, ONE PACIFIC PLACE WORLD JAGUAR LOGISTICS BEIJING IN issued By 88 QUEENSWAY, HONG KONG ROOM 1402 BUILDIN"
GDRM26-167,0,0,0,0,1,seongkyu.kim@lgensol.com,1,lgensol.com,
GDRM26-200,0,0,0,0,1,quyet.tran@ahkgroup.com,1,ahkgroup.com,
GDRM26-204,0,0,0,0,1,import.sea@ibflogistics.com.br,1,ibflogistics.com.br,
GDRM26-222,0,0,0,0,1,neda@epoch-int.com,1,epoch-int.com,
GDRM26-322,0,0,0,1,1,public@chinasdg.cn,1,chinasdg.cn,"GDRM26-322空運提單.pdf p.1: 160 | hes| oesesz01 PLUTO TTL se0-96asn Shippers Namie and Address Shipper’s Account Number Not Negotiable - 1 H CATHAY PACIFIC AIRWAYS LIMITED Air Waybill 33TH FLOOR, ONE PACIFIC PLACE NINGBO 2HONGDIAN MAGSOUND issued By 88 QUEENSWAY, HONG KONG ELECTRONICS CO || GDRM26-322貨運文件.pdf p.1: seo | vos | oseaseon PLUTO TTL se0-96asn Shippers Namie and Address Shippers Account Number Not Negotiable * 1 H CATHAY PACIFIC AIRWAYS LIMITED Air Waybill 33TH FLOOR, ONE PACIFIC PLACE NINGBO ZHONGDIAN MAGSOUND sued By 88 QUEENSWAY, HONG KONG ELECTRONICS CO L || GDRM26-322貨運文件.pdf p.11: SN e/ <e 引 3 d 孝重皇认可 非 限 制 性 货 物 | 怡 亘 CNAS INSPECTION NOT RESTRICTED SP mS eg” CNAS IB0126 - page 1 of 3 pages | 一 Wi | Ta | | | | | 卜 a ; 元 t 人 ihe > ae 半 | , 航 空 运 输 危 险 性 识 别 报 告 书 | 辜 Hazard Identification Report for Air Transport | | BE ee 沙 行 | | 蛇 哉 EH"
GDRM26-330,0,0,0,0,1,sds@vitalchem.com,1,vitalchem.com,
GDRM26-002,0,0,0,1,0,,0,,"GDRM26-002貨運文件.pdf p.1: sao | a | ssosess uuuuuuQQQG 国 春 真 seo o440s60s Shippers Name and Address Shipper's Account Number Not Negotiable 1 H CATHAY PACIFIC AIRWAYS LIMITED Air Waybill 33TH FLOOR, ONE PACIFIC PLACE ! TVS SCS LOGISTICS LTD GUANGZHOU issued By 88 QUEENSWAY, HONG KONG B"
GDRM26-039,0,0,0,1,0,,0,,"GDRM26-039貨運文件.pdf p.1: sso | wor os79oses UYU AY AGT AOA AAT vo-0s709588 Shippers Name and Address Shippers Account Number Not Negotiable 。 1 H CATHAY PACIFIC AIRWAYS LIMITED Air Waybill 33TH FLOOR, ONE PACIFIC PLACE “ J 8 WORLDWIDE LOGISTICS co LTD sued By 88 QUEENSWAY, HONG KONG X"
GDRM26-045,0,0,0,1,0,,0,,"GDRM26-045空運提單(160-04408375).pdf p.1: veo | am| soaars 息 u 相山 couoan Shipper's Name and Address ‘Shippers Account Namber Not Negotiable A 1 CATHAY PACIFIC AIRWAYS LIMITED Air Waybill 33TH FLOOR, ONE PACIFIC PLACE « TVS SCS LOGISTICS LTD GUANGZHOU Issued By 88 QUEENSWAY, HONG KONG BRANCH 、 ROOM 401"
GDRM26-109,0,0,0,1,0,,0,,"GDRM26-109│f╣BñσÑ≤.pdf p.1: seo | | sst PLUTO ULE ss 屹 Shipper's Name and Address Shipper’s Account Number Not Negotiable A 1 CATHAY PACIFIC AIRWAYS LIMITED Air Waybill 33TH FLOOR, ONE PACIFIC PLACE ON TIME EXPRESS LTD XIAMEN BRANCH Issued By 88 QUEENSWAY, HONG KONG SUITE 605 6F HAI TIAN"
GDRM26-112,0,0,0,1,0,,0,,"GDRM26-112貨運文件(3090050331).pdf p.3: EXPRESS WORLDWIDE =.) (a 2026-02-06 MYDHLt 1.0 / “a0-0a23* From : BTR New Material Group Salas Co.,Ltd Origin: hongywanjs 2701 BTR Now Material Group Co,,Lid. SZX No.8,Guangyuan 4th Road, Dongkeng community, Fenghuang street, Guangming District, Shenzhen. 5191"
GDRM26-120,0,0,0,1,0,,0,,"GDRM26-120│f¬½╣╧ñ∙.pdf p.1: — — a . Re Ya Ge | E 多 Handling 《 oe = Instruction bce a a aD 5 6 Wi Ge 一 re, `′ 5 / CN Local Label: l Ley io) 1 : Bxeore inspection ibaa: 5 i case Dean pea 4 1 é * 胡 〕〕 多 Y ries Oe aw 《 Ae ae 玲 “G& Y M 儿 心 “ j Ne _ PIL. ar go Mipi-2e- * 冬{ 训 E Ke MME pea ene "
GDRM26-251,0,0,0,1,0,,0,,"GDRM26-251貨運文件.pdf p.6: 北 京 迪 掩 妻 空 运 技 术 开 发 有 限 公 司 c 柳 ′ E a F | 塔 别 目 的 | 春 香 屈 于 航 空 运 输 危 险 物 咤 驱 别 目 扬 〖o25. 19,05 Identification Purpose |Dangerous Goods or not restricted Identification Date _“ , 銮 别 供 据 ) Hae 。 s 6 胁胁愤胁胁 Name of = 生 j 厂 家 HUARD URL OHTRUA Fd Manufacturer Sh || GDRM26-251貨運文件.pdf p.7: 7 '蠹 E 北 京 迪 擒 姆 空 运 技 术 开 发 有 限 公 司 2k 项 目 编 号 f 『 Item No. PEKQD2025 12039868 、 仪 稳 定 氧 化 馆 物′嚎嚣`名暮蜀盒 酯 Name of Goods c 【…〕'昔量鼻孟套`__ Yttrium Stabilized Zirconia 『 赠阳^T^的补加…山町伽 Goods Negulations“ 的 标 汪 迢 行 燕 烨 试 验 , 话 根 口 亨 水 分 铎 内 不 燕 烤 , 不 居 二 明 燕 团 诽 祥 一 属"
