case_id,evidence_level,evidence_type,email,domain,role,document_name,page,source,member,document_sha256,context
GDRM26-005,C,发票、装箱单、运单或采购单中的交易/物流联系人,varavin@kazminerals.com,kazminerals.com,其他附件,GDRM26-005發票.pdf,1,D:\codex\XG执法\2026_案例库\raw_cases\GDRM26-005\GDRM26-005發票.pdf,,11a1b1ddb9a107640dc2a3a6aedb92c5af833cefd7bb72e86a487bf3a3f40503,"UA 0 0 A ee 0 Eee | AWB No: 2196993153 Invoice Date: 2025-12-30 Invoice No: : | 5 | SHIP FROM: SHIP To: A.H.K TIANJIN KAZ Minerals Bozshakol LLC | Xingyuan Li Anatoliy Varavin 「 NO.155 HUANG HAI! LU 13, Tort-Kuduk village, Bozshakol Mine, | TEDA TIANJIN Ekibastuz Pavlodar region, 9 (25309099.90) Republic of Kazakhstan 141218 TIANJIN, 300457 ALMATY, 050020 CHINA, PEOPLES REPUBLIC KAZAKHSTAN 022-66201183-8515 7 701 059"
GDRM26-010,D,其他业务文件中的联系邮箱,public@chinasdg.cn,chinasdg.cn,其他附件,GDRM26-010航空運輸危險性識別報告書(HWB TAOP1200126).pdf,1,D:\codex\XG执法\2026_案例库\raw_cases\GDRM26-010\GDRM26-010航空運輸危險性識別報告書(HWB TAOP1200126).pdf,,881e723e449680c20e528eeefd39dec5f6f2544f0f0ad90e2fb3154cbd1745cb,", AS ON 、 , Y 鬣】 吴 «A : 中 国 认 叶 h “ 朐 绍 用 口 ′__I〔晋_!更_ 检 验 , 非 限 制 性 货 犊 八 Soe 占 CAS inspecnon NOT RESTRICTED | % x eu ff cnas toi i 训 「_【一一一…-__壹智里疃辈墨薹墅霞!懦夏甄重晒…鹰墓嘲刁 刑 RKlesemy en 2 二埕彗堑墨重_叠!睾丈戛一-工暮_噩重噢置=置睾惠臭,】 | t 熹 P , 盖 | 、 | nS j 沙 ae 伟 1 i Ae = | 洁 | 航 空 运 输 危 险 惑 识 别 报 告 书 | 一 1 Hazard Identification Report for Air Transport i 心 熹 | 国 吴 皇 Esra | — ee | 伟 0 dh Ao Pee Wh 4 Fee SORRY | | 8 eer: | 【 证 书 编 号 ;: PM23"
GDRM26-010,D,其他业务文件中的联系邮箱,public@chinasdg.cn,chinasdg.cn,其他附件,GDRM26-010航空運輸危險性識別報告書(HWB TAOP1200125).pdf,1,D:\codex\XG执法\2026_案例库\raw_cases\GDRM26-010\GDRM26-010航空運輸危險性識別報告書(HWB TAOP1200125).pdf,,ae8b5f672bff8aeca97cbee0a1b37395943adb68adb9d540f27aa96f5d779085,", 惠b雪1【a""雷。′′辱′ - 茎 }`菩` 页 肥 、 蹇 Pe r , 乙 痞 目 尿 CN. AS 检 验 E 限 制 性 货 勐 0 by eM INSPECTION c v 谚、(】″ 园 吴 翼 ‘ogg fl” CNAS IB0123 ”三寸”〔三重-""l…]……岂腥菩晕′…菩二菩′…【垦 73 ey Aran) Sas EEE ES TIS SE SEES RE AN EEE EE ETT Te SE bY NET ¢ OE PQS Gael» Oar dec PAE op 业 育 园 … 菖 MN 要 古 5 3 素 6 1 Res 毗 3 口 5 程 ee, , … 航 空 运 输 危 险 性 识 别 献 呈 书 | | Hazard Identification Report for Air Transport = | 熹 apes ra Se tux | | 技 标 人 T 沥 小 y | Ee RH"
GDRM26-015,C,发票、装箱单、运单或采购单中的交易/物流联系人,sojs@carbidecn.com,carbidecn.com,货运单证,GDRM26-015貨運文件.pdf,7,D:\codex\XG执法\2026_案例库\raw_cases\GDRM26-015\GDRM26-015貨運文件.pdf,,99791de83dbba8637c0c31fd9aa87f01e3f2f1223fdcd8c0c9892a824fb0bf4d,"AWB No: 1853187770 Invoice Date: 2025-12-29 Invoice No: 202512290001 SHIP FROM: SHIP TO: Shenzhen NeungHwa Carbide Technolog Walsin Technology Corp.Kaohsiung Branch ZHANGZHINENG Carol Cheng 15-2802 Shijing Road, Fumin Community NO.1 EAST 2ND STREET. CIANJHEN DIST, KAOHSIUN Fucheng Street, Longhua District GTAIWAN china Shenzhen SHENZHEN, 518110 Kaohsiung City, 80684 CHINA, PEOPLES REPUBLIC. TAIWAN 13317336588 886-7-8"
GDRM26-050,B,邮箱界面或邮件附件来源痕迹（不等于完整邮件正文）,clu@cpsl.com.hk,cpsl.com.hk,其他附件,GDRM26-050│f╣BñσÑ≤(2).pdf,1,D:\codex\XG执法\2026_案例库\raw_cases\GDRM26-050\GDRM26-050貨運文件(2)-pdf.zip,GDRM26-050│f╣BñσÑ≤(2).pdf,53b491d19167e72ce730fb652e80dead5cf1f8509dae2d825e2df86428bd092f,"1/11/26, 3:49 PM Email - clu - Outlook IA PAY 4 五 扦 托 , 沥 宣 升 年 医 技 闹 林坂 跃 幻 刍 MBL: 102206 BGRIMM AGH SABI SR Wie O10-5891SH18 (BF: 010-58915110 ‘Http: / www.bamsic.com E-mail: sale@bamste.com : | | 质 量 保 证 书 : Certificate of Conformance $F (SN,) 2026-ZLZBS-19 eT eT ey [ae] oe = Product Name Lot No. Specification Weight Package Standard 唱 劳 烧 结 型 10 钻 4 l 厂 一 ecor Fs 化 学 成 分 (% Chemical Composition (%) fami | «| «| c"
GDRM26-050,B,邮箱界面或邮件附件来源痕迹（不等于完整邮件正文）,sale@bamstc.com,bamstc.com,其他附件,GDRM26-050│f╣BñσÑ≤(2).pdf,2,D:\codex\XG执法\2026_案例库\raw_cases\GDRM26-050\GDRM26-050貨運文件(2)-pdf.zip,GDRM26-050│f╣BñσÑ≤(2).pdf,53b491d19167e72ce730fb652e80dead5cf1f8509dae2d825e2df86428bd092f,"1/11/26, 3:50 PM Email - clu - Outlook 1 `『 北 矿 新 材 科 技 有 限 公 司 Stik LATERM ATER 5 号 卯 编 | 102206 NEY, BGRIMM ADVANCED MATERIALS SCIENCE & TECHNOLOGY CO.,LTD: Wis 010-58915118 443; 010-58915110 ‘Http: // www,bamste.com ‘E-mail; sale@bamstc.com 县 2 质 量 保 证 书 } . Certificate of Conformance iF (SN.) 2026-ZLZBS-20 产 品 名 称 腐 号 批 号 规 格 E 包 装 抒 行 坤 准 Product Name Type Lot No. Specification Weight Package Standard 哺 勐 热 结 型 "
GDRM26-050,B,邮箱界面或邮件附件来源痕迹（不等于完整邮件正文）,sale@bamste.com,bamste.com,其他附件,GDRM26-050│f╣BñσÑ≤(2).pdf,1,D:\codex\XG执法\2026_案例库\raw_cases\GDRM26-050\GDRM26-050貨運文件(2)-pdf.zip,GDRM26-050│f╣BñσÑ≤(2).pdf,53b491d19167e72ce730fb652e80dead5cf1f8509dae2d825e2df86428bd092f,"1/11/26, 3:49 PM Email - clu - Outlook IA PAY 4 五 扦 托 , 沥 宣 升 年 医 技 闹 林坂 跃 幻 刍 MBL: 102206 BGRIMM AGH SABI SR Wie O10-5891SH18 (BF: 010-58915110 ‘Http: / www.bamsic.com E-mail: sale@bamste.com : | | 质 量 保 证 书 : Certificate of Conformance $F (SN,) 2026-ZLZBS-19 eT eT ey [ae] oe = Product Name Lot No. Specification Weight Package Standard 唱 劳 烧 结 型 10 钻 4 l 厂 一 ecor Fs 化 学 成 分 (% Chemical Composition (%) fami | «| «| c"
GDRM26-059,D,其他业务文件中的联系邮箱,116556440@qq.com,qq.com,货运单证,GDRM26-059貨運文件.pdf,3,D:\codex\XG执法\2026_案例库\raw_cases\GDRM26-059\GDRM26-059貨運文件.pdf,,e6f3a883bc5dd0f7f4c68b5ecf453e4726bd92f4e14f10abc8915952719a0870,"Molybde i olybdenum pentachloride _一一一SAFETY DATA SHEET No.: 230100320453491E Warranty of Design: GHS (Ninth Revised sps Date: Aug.29,2023 Edition) Section1 Product and Company Identification 「 > Product Identifier Product Name Molybdenum pentachloride Synonyms - CAS No. 10241-05-1 EC No. 233-575-3 Molecular Formula ClsMo > Relevant Identified Uses of the Substance or Mixture and Uses Advised Against Relevant Identif"
GDRM26-065,D,SDS、检测或技术文件的联系邮箱,hensonqian@sincemat.com,sincemat.com,货运单证,GDRM26-065貨運文件(2).pdf,4,D:\codex\XG执法\2026_案例库\raw_cases\GDRM26-065\GDRM26-065貨運文件(2).pdf,,a6a0664a6abd4e756b955e536cf73ebc7943d0432c22533f9005c4a52466e6bc,"_盈 Sincemat Co.,Ltd. Always try to do better . 一 一 一 Add: Room 737, 8075 Humin Road,Shanghai,China. 200233 Tel: 0086-21-61453861 Fax: 0086-21-61453866 E-mail: hensonqian@sincemat.com Htt 0://www.sincemat.com 。 一 一 e 一 “ 一 MSDS for Mo_ybdenum IChemical Name: 二M(】【yb〔jenum | Trade Name and Synonyms: ‘Molybdenum Metal Product | Chemical Family: [Refractory Metal | i etter airs 1 一 E ` Formula: 1Mo | [Molecular Weight: 1"
GDRM26-103,C,最终用户/最终用途文件中的交易联系人,info@ptiayaditya.co.id,ptiayaditya.co.id,其他附件,GDRM26-103│f╣BñσÑ≤(2).pdf,15,D:\codex\XG执法\2026_案例库\raw_cases\GDRM26-103\GDRM26-103貨運文件(2)-pdf.zip,GDRM26-103│f╣BñσÑ≤(2).pdf,3df4337c835449b91c679f66d748ccbe02fd25951f3558c1c73afc93162f6fc1,"oe ae a 5RESS- e c c E 4 伟 PT JAYADITYA ASWANI MANDIRI End-User and End-Use Certificate 1 ( 英 文 参 考 模 板 ) ` 16th, October, 2025 Ministry of Commerce of P. R. China, We, PT Jayaditya Aswani Mandiri, Jalan Raya Trosobo KM 24, NO 07, : Sidoarjo, East Java, Indonesia are the end-user of Bismuth Needle to be purchased from the Chinese company Shanxi Dongxu Resources Co., Ltd. under contract DX L016. We will only use the i"
GDRM26-103,D,其他业务文件中的联系邮箱,info@ptjayaditya.co.id,ptjayaditya.co.id,其他附件,GDRM26-103│f╣BñσÑ≤(2).pdf,14,D:\codex\XG执法\2026_案例库\raw_cases\GDRM26-103\GDRM26-103貨運文件(2)-pdf.zip,GDRM26-103│f╣BñσÑ≤(2).pdf,3df4337c835449b91c679f66d748ccbe02fd25951f3558c1c73afc93162f6fc1,"0 : es ee ee ee £2 PT JAYADITYA ASWANI MANDIRI 最 终 用 户 和 最 终 用 途 证 明 ` ( 参 考 模 板 * 2025 年 10 月 16 日 中 华 人 民 共 和 国 商 务 部 : 【 我 们 ,PT Jayaditya Aswani Mandiri, Raya Trosobo 街 ,KM 24, 07 号 东 爪 哉 , 印 度 尼 西 亚 , JEM? Shanxi Dongxu Resources Co Ltd. 购 买 铉 针 DX1016 项 下 et 99.99 % 的 最 终 用 户 。 我 们 将 把 上 述 进 口 的 铐 铀 9.99 % 仁 用 于 作 为 生 产 青 钢 的 一 种 原 料 。 我 们 承 诺 , 未 经 中 国 政 府 允 许 , 不 将 上 述 商 品 用 于 申 明 以 外 的 其 他 任 何 用 途 , - 不 转 让 "
GDRM26-103,D,其他业务文件中的联系邮箱,ysxs25@zzkeneng.com,zzkeneng.com,其他附件,GDRM26-103│f╣BñσÑ≤(2).pdf,2,D:\codex\XG执法\2026_案例库\raw_cases\GDRM26-103\GDRM26-103貨運文件(2)-pdf.zip,GDRM26-103│f╣BñσÑ≤(2).pdf,3df4337c835449b91c679f66d748ccbe02fd25951f3558c1c73afc93162f6fc1,"Effective Date: 2020/04/15 DG2003362E , Bismuth 1 ZHUZHOU KENENG NEW MATERIAL CO、 LTD. 1 ® According to GHS (Seventh Revised Edition) 4 Section 1 Product and Company Identification > Product Identifier 「 Product Name Bismuth Synonyms - 气 CAS No. 7440-69-9 EC No. 231-177-4 Molecular Formula Bi > Relevant Identified Uses of the Substance or Mixture and Uses Advised Against . Relevant Identified Please consult manufactu"
GDRM26-108,D,SDS、检测或技术文件的联系邮箱,sds@airliquide.com,airliquide.com,其他附件,GDRM26-108│f╣BñσÑ≤(2).pdf,2,D:\codex\XG执法\2026_案例库\raw_cases\GDRM26-108\GDRM26-108貨運文件(2)-pdf.zip,GDRM26-108│f╣BñσÑ≤(2).pdf,be11a01878ea70451f976844874861b58d2f6e8f6d367afe3688ff275401a3b8,回 Air Liquide Safety Data Sheet Molybdenum(VI) Dichloride Dioxide For Chemical Emergency Call CHEMTREC 24hr/day 7days/week Within USA and Canada: 1-800-262-8200 Outside USA and Canada: 1-800-262-8200 (collect calls accepted) SECTION 1: Identification 1.1. Identification Name : Molybdenum(VI) Dichloride Dioxide Product code: 70667 Formula ; MoO2Cl2 or Cl2Mo02 Synonyms : Molybdenum dichloride dioxide / Molybdenum dioxi
GDRM26-108,C,发票、装箱单、运单或采购单中的交易/物流联系人,simon.olivier@airliquide.com,airliquide.com,其他附件,GDRM26-108│f╣BñσÑ≤(2).pdf,1,D:\codex\XG执法\2026_案例库\raw_cases\GDRM26-108\GDRM26-108貨運文件(2)-pdf.zip,GDRM26-108│f╣BñσÑ≤(2).pdf,be11a01878ea70451f976844874861b58d2f6e8f6d367afe3688ff275401a3b8,"_ SHIPPER「S DECLARATION FOR DANGEROUS GOODS by Shipper ′ 【 ` AIR LIQUIDE (SHANGHAI) INTERNATIONAL, Air Waybill No. 160-06395771 / 5771A TRADING CO., LTD NO 58, FU TE DONG Yi ROAD, WAI GAO QIAO Page 1 of 1 Pages FREE TRADE ZONE,ZIP:200131, SHANGHAI, CHINA , s ATTN:SHINE TEL: +86-13438470263 Shippers Reference No. optional, Consignee AIR LIQUIDE JAPAN G.K. \. PDL CATHAY PACIFIC 28 WADAI, TSUKUBA, IBARAKI PREFECTURE, JA"
GDRM26-111,D,包装或产品标签上的公开业务邮箱,sales@tth-group.com,tth-group.com,实物图片,GDRM26-111貨物圖片.pdf,3,D:\codex\XG执法\2026_案例库\raw_cases\GDRM26-111\GDRM26-111貨物圖片.pdf,,47b571cb97175e39c1e3211d34071ab71ea2fe0b7bb799588da6fbe9f0472eb3,"= = 怡 裂 Ag ie Ni Ss w 4 2 e 0 “2 i EXPRES dhLcom O 小 H ane Sh, asa 9 pom. Nog) wa E 4 100% 成 P RECYCLABLE at pans ie ae E Gample 月 8 Semi Gil Sample B 5 Pemiun (pe Pre-shipment shot Scand cnr New Sample C Tar get Price i Graphitized Petroleum Coke Ningxia TLH GROUP Co., Ltd; F.C: 97,5%min Graphitized Petroleum Coke S: 0.3%max F.C: 98%min Ash: S%max S:0.05%max Mois: 0.7%max Size:0-Imm Vmax x Quantity: 1KGS Size:0-Imm "
GDRM26-137,D,其他业务文件中的联系邮箱,hift1s@163.com,163.com,货运单证,GDRM26-137 貨運文件.pdf,11,D:\codex\XG执法\2026_案例库\raw_cases\GDRM26-137\GDRM26-137 貨運文件.pdf,,a760bd0b62e925056bd3ae7c3ad099f6a40fd1593da1b83a8605a20594f1ad27,"心 。 、 `_ 1 . SHIPPER「S DECLARATION FOR DANGEROUS GOODS “ ._ Shipper Air Waybil No. 160-06783512 1 SHENZHEN JINGHUA NEW MATERIAL CO., LTD. IRM.2607, BLOCK B JUNLIN TIANXIA BUILDING , * XINSHA ST., FUTIAN DISTRICT, SHENZHEN,CHINA. ay TEL: +86-17775867353 EMAIL: HIFT1S@163.COM R Page 1 of 1 Pages a - . Shippers Reference No. (optional) | | Consignee | SPM CO., LTD ] {8-11,CHOGEUM-RO 332BEON-GIL, \ | _ IMAENGDONG-MYEON,E"
GDRM26-137,D,其他业务文件中的联系邮箱,jy.lee@spm-korea.co.kr,spm-korea.co.kr,货运单证,GDRM26-137 貨運文件.pdf,11,D:\codex\XG执法\2026_案例库\raw_cases\GDRM26-137\GDRM26-137 貨運文件.pdf,,a760bd0b62e925056bd3ae7c3ad099f6a40fd1593da1b83a8605a20594f1ad27,"心 。 、 `_ 1 . SHIPPER「S DECLARATION FOR DANGEROUS GOODS “ ._ Shipper Air Waybil No. 160-06783512 1 SHENZHEN JINGHUA NEW MATERIAL CO., LTD. IRM.2607, BLOCK B JUNLIN TIANXIA BUILDING , * XINSHA ST., FUTIAN DISTRICT, SHENZHEN,CHINA. ay TEL: +86-17775867353 EMAIL: HIFT1S@163.COM R Page 1 of 1 Pages a - . Shippers Reference No. (optional) | | Consignee | SPM CO., LTD ] {8-11,CHOGEUM-RO 332BEON-GIL, \ | _ IMAENGDONG-MYEON,E"
GDRM26-137,D,其他业务文件中的联系邮箱,sales@kcl.de,kcl.de,货运单证,GDRM26-137 貨運文件.pdf,7,D:\codex\XG执法\2026_案例库\raw_cases\GDRM26-137\GDRM26-137 貨運文件.pdf,,a760bd0b62e925056bd3ae7c3ad099f6a40fd1593da1b83a8605a20594f1ad27,"; Material tested:Dermatril@ (KCL 740./ Aldrich Z677272, Size M) data source: KCL GmbH, D-36124 Eichenzell, phone +49 (0)6659 87300, e-mail sales@kcl.de, test method: EN374 If used in solution, or mixed with other substances, and under conditions which differ from EN 374, contact the supplier of the CE approved gloves. This recommendation is advisory only and must be evaluated by an industrial hygienist and safety of"
GDRM26-139,D,其他业务文件中的联系邮箱,test@dgmchina.com.cn,dgmchina.com.cn,其他附件,GDRM26-139│f╣BñσÑ≤.pdf,5,D:\codex\XG执法\2026_案例库\raw_cases\GDRM26-139\GDRM26-139貨運文件-pdf.zip,GDRM26-139│f╣BñσÑ≤.pdf,d33c119ecfe55ff3b74d5c527dbbfba17e1be64c1923486ce6afbf1794cdff74,"北 京 迪 捷 姆 空 运 技 术 开 发 有 限 公 司 八 报 告 书 使 用 约 定 Terms of the Using of the Report 1, 本 公 司 依 据 本 年 度 国 际 航 协 《 芬 险 品 规 则 》 以 及 委 托 人 〔 托 运 人 或 其 代 理 人 ) 提 供 的 物 品 及 其 运 输 信 息 , 确 定 牵 咸 的 航 空 运 输 危 险 性 并 出 其 此 报 告 书 。 The report is issued by DOM China according to [ATA Dangerous Gaods Regulations published in the current year and the information of the goods andthe information of itsshipping provided by the applicant (sh"
GDRM26-141,D,其他业务文件中的联系邮箱,test@demchina.com,demchina.com,其他附件,GDRM26-141│f╣BñσÑ≤.pdf,8,D:\codex\XG执法\2026_案例库\raw_cases\GDRM26-141\GDRM26-141貨運文件-pdf.zip,GDRM26-141│f╣BñσÑ≤.pdf,aa008e4332cf217a9204555d25bb513a2703e545a2e2deadf5ac5cd33fecebf5,"| 1 | 北 京 迪 捷 姆 空 运 技 术 开 发 限 公 司 ge 3 ′〉′二〉 sedis 4 pi ane eee a | RCIA ER Bs | (er ie eee Be ge es ee ee - “ | Feb Boe Pellet: ee Ree PSE 5 ee ae eae | a A a le | Ls, Sekine aes ah wig ae AGREE AE PORT ie EAE: ee E 翼′ 沥 伟 1 振 ps acted Hie 25, ROS, AR emma So OO RE See REMUS LR lh Se tS BERRIEN oo igi RD Rae eer aan aaa hee 刑 技 gr ee res Ree 2 ERS SO TERE SSE CRIES EERE 7) 8 Sa Oe 媒 雇芒塞熹卷凄壁“… VBE BE ARAN 规 则 } 以 及 委"
GDRM26-142,D,SDS、检测或技术文件的联系邮箱,anais.ji@vipercarbide.com,vipercarbide.com,货运单证,GDRM26-142 貨運文件.pdf,4,D:\codex\XG执法\2026_案例库\raw_cases\GDRM26-142\GDRM26-142 貨運文件.pdf,,9acf0124a1d01d934a2a03d9294c6b63a5fc19f72758e1c211804ab4aca62956,"MATERIAL SAFETY DATA SHEET e MSDS Information SECTION 1. PRODUCT AND COMPANY IDENTIFICATION “ Product Name TUNGSTEN CARBIDE GRADE POWDER , Manufacturer Zhuzhou Silver Dragon Metal Materials Co.Ltd Address: 21020,Future Cloud Business Center,800 South Changjiang Road,Tianyuan District,Zhuzhou,Hunan,China TEL: +86 731 28227700 Email: anais.ji@vipercarbide.com - Synonym None. Material Uses Raw material metal powder for "
GDRM26-144,D,SDS、检测或技术文件的联系邮箱,anais.ji@vipercarbide.com,vipercarbide.com,货运单证,GDRM26-144貨運文件.pdf,36,D:\codex\XG执法\2026_案例库\raw_cases\GDRM26-144\GDRM26-144貨運文件.pdf,,3345808f71bda588ac23e62fa4d3879553c18f28155b96773e4e8fcff72f557b,"MATERIAL SAFETY DATA SHEET 田 MSDS Information SECTION 1. PRODUCT AND COMPANY IDENTIFICATION Product Name TUNGSTEN CARBIDE GRADE POWDER Manufacturer Zhuzhou Silver Dragon Metal Materials Co.Ltd Address: 21020,Future Cloud Business Center,800 South Changjiang Road, Tianyuan District,Zhuzhou,Hunan,China TEL: +86 73128227700 Email: anais.ji@vipercarbide.com Synonym None. Material Uses Raw material metal powder for valve "
GDRM26-144,D,SDS、检测或技术文件的联系邮箱,anais.ji@vipercarbide.com,vipercarbide.com,货运单证,GDRM26-144貨運文件.pdf,40,D:\codex\XG执法\2026_案例库\raw_cases\GDRM26-144\GDRM26-144貨運文件.pdf,,3345808f71bda588ac23e62fa4d3879553c18f28155b96773e4e8fcff72f557b,"MATERIAL SAFETY DATA SHEET s MSDS Information SECTION 1. PRODUCT AND COMPANY IDENTIFICATION Product Name METAL CEREMICS POWDER Manufacturer Zhuzhou Silver Dragon Metal Materials Co.Ltd Address: 21020,Future Cloud Business Center,800 South Changjiang Road,Tianyuan District,Zhuzhou,Hunan,China TEL: +86 731 28227700 “Email: anais.ji@vipercarbide.com Synonym None. Material Uses Raw material metal powder for valve seat an"
GDRM26-145,D,其他业务文件中的联系邮箱,market@cagtic.cn,cagtic.cn,货运单证,GDRM26-145貨運文件.pdf,10,D:\codex\XG执法\2026_案例库\raw_cases\GDRM26-145\GDRM26-145貨運文件.pdf,,29644508bc0ae06596beffb18410dd946264926ea0cf88bfaf6841890bb22f4b,"vy ae. 5 ’ Pia ol ize =e I Remarks 1. 未 加 盖 本 机 构 公 章 或 检 验 检 测 专 用 章 的 报 告 视 为 无 效 。 ce Report without the official seal of this institution or the dedicated inspection and testing seal shall be deemed invalid. RS 2. 未 经 主 检 ( 或 编 制 》 人 员 及 批 准 人 签 字 或 加 盖 签 章 的 报 告 视 为 无 效 。 , al Report without the signature or seal of the main inspector (or compiler) and the approving officer shall be deemed invalid. 1 3. 未 经 本 机 "
GDRM26-153,C,发票、装箱单、运单或采购单中的交易/物流联系人,info@cycarbide.com,cycarbide.com,其他附件,GDRM26-153│f╣BñσÑ≤.pdf,1,D:\codex\XG执法\2026_案例库\raw_cases\GDRM26-153\GDRM26-153貨運文件-pdf.zip,GDRM26-153│f╣BñσÑ≤.pdf,35f174da0fb76056e13e47001ef7c9d71f6b2f9b4b783266a2a9def7397922e0,"1 ® Cc y Cc CY CARBIDE MFG.CO.,LTD. ae 1 Commercial Invoice Original Page : 1/2 Client: FORBES PRECISION TOOLS AND MACHINE PARTS LIMITED Invoice NO: 2026CYC-I-0727 ^ B-13, MIDC AREA, WALUJCHHATRAPATI SAMBHAJINAGAR, 431133 。 Add: MAHARASHTRA, INDIA. Date: 2026-2-4 Tel: +91 240 2553421 Fax: +62-21 8970253 Tracking.NO: Shipped BY: AIR From: SHANG HAI To: India a. Net Weight Quantities Unit Price Amount PO# Grade Product"
GDRM26-153,C,发票、装箱单、运单或采购单中的交易/物流联系人,info@cycarbide.com,cycarbide.com,其他附件,GDRM26-153│f╣BñσÑ≤.pdf,2,D:\codex\XG执法\2026_案例库\raw_cases\GDRM26-153\GDRM26-153貨運文件-pdf.zip,GDRM26-153│f╣BñσÑ≤.pdf,35f174da0fb76056e13e47001ef7c9d71f6b2f9b4b783266a2a9def7397922e0,"「 @ _ y攀 CY CARBIDE MFG.CO.,LTD. SRE 0 Commercial Invoice Original Page : 2/2 Client: FORBES PRECISION TOOLS AND MACHINE PARTS LIMITED Invoice NO: 2026CYC-I-0727 。 B-13, MIDC AREA, WALUJ,CHHATRAPATI SAMBHAJINAGAR, 431133 、 、 , Add: MAHARASHTRA, INDIA. Date: 2026-2-4 Tel: +91 240 2553421 Fax: +62-21 8970253 Tracking.NO: Shipped BY: AIR From: SHANG HAI To: India a as Net Weight Quantities Unit Price Amount PO # Grade P"
GDRM26-153,C,发票、装箱单、运单或采购单中的交易/物流联系人,info@cycarbide.com,cycarbide.com,其他附件,GDRM26-153│f╣BñσÑ≤.pdf,3,D:\codex\XG执法\2026_案例库\raw_cases\GDRM26-153\GDRM26-153貨運文件-pdf.zip,GDRM26-153│f╣BñσÑ≤.pdf,35f174da0fb76056e13e47001ef7c9d71f6b2f9b4b783266a2a9def7397922e0,"0 ® ‘a YC CY CARBIDE MFG.CO.,LTD. — | 0 Packing List Original Page 9 1/2 - Client: FORBES PRECISION TOOLS AND MACHINE PARTS LIMITED PL NO: 2026CYC-L0727 5 B-13, MIDC AREA, WALUJ,CHHATRAPATI SAMBHAJINAGAR, 431133 、 Add: MAHARASHTRA, INDIA. Date: “2026-2-4 Tel: +91 240 2553421 Fax: +62-21 8970253 Shipped BY: AIR From: SHANG HAI To: India sue Net Weight Quantities No. PO# Lot.No Grade Products Descriptions KGS PCS CARBI"
GDRM26-153,C,发票、装箱单、运单或采购单中的交易/物流联系人,info@cycarbide.com,cycarbide.com,其他附件,GDRM26-153│f╣BñσÑ≤.pdf,4,D:\codex\XG执法\2026_案例库\raw_cases\GDRM26-153\GDRM26-153貨運文件-pdf.zip,GDRM26-153│f╣BñσÑ≤.pdf,35f174da0fb76056e13e47001ef7c9d71f6b2f9b4b783266a2a9def7397922e0,"0 @ CYC cy carsive vre.co.,Lr0, ERE Packing List Original Page: 2/2 Client: FORBES PRECISION TOOLS AND MACHINE PARTS LIMITED PL NO: 2026CYC-I-0727 . B-13, MIDC AREA, WALUJ,CHHATRAPATI SAMBHAJINAGAR, 431133 。 Add: MAHARASHTRA, INDIA. Date: 2026-2-4 Tel: +91 240 2553421 Fax: +62-21 8970253 Shipped BY: AIR. From: SHANG HAI To: India a Net Weight Quantities No. PO# Lot.No Grade Products Descriptions KGS PCS TOTAL WEIGHT:"
GDRM26-153,C,发票、装箱单、运单或采购单中的交易/物流联系人,lily@cycarbide.com,cycarbide.com,其他附件,GDRM26-153│f╣BñσÑ≤.pdf,1,D:\codex\XG执法\2026_案例库\raw_cases\GDRM26-153\GDRM26-153貨運文件-pdf.zip,GDRM26-153│f╣BñσÑ≤.pdf,35f174da0fb76056e13e47001ef7c9d71f6b2f9b4b783266a2a9def7397922e0,"1 ® Cc y Cc CY CARBIDE MFG.CO.,LTD. ae 1 Commercial Invoice Original Page : 1/2 Client: FORBES PRECISION TOOLS AND MACHINE PARTS LIMITED Invoice NO: 2026CYC-I-0727 ^ B-13, MIDC AREA, WALUJCHHATRAPATI SAMBHAJINAGAR, 431133 。 Add: MAHARASHTRA, INDIA. Date: 2026-2-4 Tel: +91 240 2553421 Fax: +62-21 8970253 Tracking.NO: Shipped BY: AIR From: SHANG HAI To: India a. Net Weight Quantities Unit Price Amount PO# Grade Product"
GDRM26-153,C,发票、装箱单、运单或采购单中的交易/物流联系人,lily@cycarbide.com,cycarbide.com,其他附件,GDRM26-153│f╣BñσÑ≤.pdf,2,D:\codex\XG执法\2026_案例库\raw_cases\GDRM26-153\GDRM26-153貨運文件-pdf.zip,GDRM26-153│f╣BñσÑ≤.pdf,35f174da0fb76056e13e47001ef7c9d71f6b2f9b4b783266a2a9def7397922e0,"「 @ _ y攀 CY CARBIDE MFG.CO.,LTD. SRE 0 Commercial Invoice Original Page : 2/2 Client: FORBES PRECISION TOOLS AND MACHINE PARTS LIMITED Invoice NO: 2026CYC-I-0727 。 B-13, MIDC AREA, WALUJ,CHHATRAPATI SAMBHAJINAGAR, 431133 、 、 , Add: MAHARASHTRA, INDIA. Date: 2026-2-4 Tel: +91 240 2553421 Fax: +62-21 8970253 Tracking.NO: Shipped BY: AIR From: SHANG HAI To: India a as Net Weight Quantities Unit Price Amount PO # Grade P"
GDRM26-153,C,发票、装箱单、运单或采购单中的交易/物流联系人,lily@cycarbide.com,cycarbide.com,其他附件,GDRM26-153│f╣BñσÑ≤.pdf,3,D:\codex\XG执法\2026_案例库\raw_cases\GDRM26-153\GDRM26-153貨運文件-pdf.zip,GDRM26-153│f╣BñσÑ≤.pdf,35f174da0fb76056e13e47001ef7c9d71f6b2f9b4b783266a2a9def7397922e0,"0 ® ‘a YC CY CARBIDE MFG.CO.,LTD. — | 0 Packing List Original Page 9 1/2 - Client: FORBES PRECISION TOOLS AND MACHINE PARTS LIMITED PL NO: 2026CYC-L0727 5 B-13, MIDC AREA, WALUJ,CHHATRAPATI SAMBHAJINAGAR, 431133 、 Add: MAHARASHTRA, INDIA. Date: “2026-2-4 Tel: +91 240 2553421 Fax: +62-21 8970253 Shipped BY: AIR From: SHANG HAI To: India sue Net Weight Quantities No. PO# Lot.No Grade Products Descriptions KGS PCS CARBI"
GDRM26-167,C,发票、装箱单、运单或采购单中的交易/物流联系人,seongkyu.kim@lgensol.com,lgensol.com,货运单证,GDRM26-167貨運文件.pdf,13,D:\codex\XG执法\2026_案例库\raw_cases\GDRM26-167\GDRM26-167貨運文件.pdf,,c4c4d9a224b232b5dbcee87d70a17bfbd2cfb3220812a53177718f60ec635f27,"@ LG Energy Solution LG Energy Solution, Ltd. Yeoui-daero, Yeongdeungpo-gu, Seoul, Republic of Korea Tel) 02-3777-1114 Fax) Purchase order Supplier : BTR New Material Group Sales Co.,Ltd. PO No. : 4570188860 Supplier Code: CN03335200 PO Date : 2026-02-13 No.8,Guangyuan E-Mail : seongkyu.kim@lgensol.com 4th Road,Guangming DistrictNo.8,Guangyuan CN Representative : SEONGKYU KIM LG Energy Solution as Buyer, hearby confi"
GDRM26-183,C,发票、装箱单、运单或采购单中的交易/物流联系人,alice.zhu@qsnplus.com,qsnplus.com,货运单证,GDRM26-183貨運文件(2).pdf,1,D:\codex\XG执法\2026_案例库\raw_cases\GDRM26-183\GDRM26-183貨運文件(2).pdf,,fb6d0d183aa804f6b9ca5aadea4766683c71d33c197c2776fdd5c537b32cab0b,"UMN AITO ILA A | 一 iB Bie 816 888 283 6 Page 2 | | 宫》_`\薯=='__皇'{【 曼 浦 汉 克 化 工 ( 上 虞 ) 有 限 公 司 5N PLUS SHANGYU CO, LTD Add: NO.18, WEIYI EAST ROAD, SHANGYU INDUSTRY ZONE HANGZHOU BAY,SHANGYU CITY ZHEJIANG PROVINCE, CHINA Tel: +86-575-82726210 82706000-267 Fax: +86-575-82726211 、 E-mail: KRYSTA.PAN@S5NPLUS.COM, ALICE.ZHU@QSNPLUS.COM “ 一 COMMERCIAL INVOICE TO: FAM INTERNATIONAL CORP. INVOICE NO. DATE: NO, 601,11,YEOKSA"
GDRM26-183,C,发票、装箱单、运单或采购单中的交易/物流联系人,krysta.pan@s5nplus.com,s5nplus.com,货运单证,GDRM26-183貨運文件(2).pdf,1,D:\codex\XG执法\2026_案例库\raw_cases\GDRM26-183\GDRM26-183貨運文件(2).pdf,,fb6d0d183aa804f6b9ca5aadea4766683c71d33c197c2776fdd5c537b32cab0b,"UMN AITO ILA A | 一 iB Bie 816 888 283 6 Page 2 | | 宫》_`\薯=='__皇'{【 曼 浦 汉 克 化 工 ( 上 虞 ) 有 限 公 司 5N PLUS SHANGYU CO, LTD Add: NO.18, WEIYI EAST ROAD, SHANGYU INDUSTRY ZONE HANGZHOU BAY,SHANGYU CITY ZHEJIANG PROVINCE, CHINA Tel: +86-575-82726210 82706000-267 Fax: +86-575-82726211 、 E-mail: KRYSTA.PAN@S5NPLUS.COM, ALICE.ZHU@QSNPLUS.COM “ 一 COMMERCIAL INVOICE TO: FAM INTERNATIONAL CORP. INVOICE NO. DATE: NO, 601,11,YEOKSA"
GDRM26-185,C,发票、装箱单、运单或采购单中的交易/物流联系人,guanjunli@hanztech.cn,hanztech.cn,其他附件,GDRM26-185│f╣BñσÑ≤(5166030332).pdf,2,D:\codex\XG执法\2026_案例库\raw_cases\GDRM26-185\GDRM26-185貨運文件(5166030332)-pdf.zip,GDRM26-185│f╣BñσÑ≤(5166030332).pdf,a44bb742128bf09ca65917ea8ab51fd50dd4e15185a2a4052e8199a510927d5e,"0 earn we te ee ee 1 Baoji Hanz Metal Material Co.,Ltd , ADD:26#,North Panlong Road,Gaoxin District, Baoji City, Shaanxi Province China,721000 , 「 Sales:Eleanor Email: guanjunli@hanztech.cn Tel: +86 917 3258889 Mobile 8618091719909 5 eee Commercial involce setts oe pans To: VF VACUUM CO.,LTD , Tax code: 0801385538 _ Invoice No.: HZG2026012205 “Contact; Mr. LEE SANG JIN Sales Contract No, HZG2026012205 Ship To: Addres"
GDRM26-185,D,其他业务文件中的联系邮箱,guolj@ie.zgcc.com,ie.zgcc.com,其他附件,GDRM26-185│f╣BñσÑ≤(5166118790).pdf,2,D:\codex\XG执法\2026_案例库\raw_cases\GDRM26-185\GDRM26-185貨運文件(5166118790)-pdf.zip,GDRM26-185│f╣BñσÑ≤(5166118790).pdf,d9db0b46a38d801cefab9c7a13adc5c2d7d22b4c6d3267156deadffa3aa684b8,"CHENGDUGREAT WALL TUNGSTEN & MOLYBDENUM ADVANCED MATERIALS CO., LTD NO. 299, YIDU ZHONG ROAD, LONGQUANYIDISTRICT, CHENGDU, SICHUAN, 610100, CHINA INVOICE a COC CONTRACTNO.: 17612410/17612411 [CONSIGNEE [Teste Lighting & Technology Corporation 751 Iwabuchi Ko, Tsushima-cho, Uwajima City, Ehime 798-3311 JAPAN ADDRESS: ATTN :Mr Yamaguchi(Receiving Center) ITEL ; +81-895-32-3217 PORT OF LOADING: CHENGDU AIR PORT, CHINA. "
GDRM26-189,A,带发件人、收件人和正文的邮件通讯记录,cgo8cus@cathaypacific.com,cathaypacific.com,货运单证,GDRM26-189貨運文件.pdf,10,D:\codex\XG执法\2026_案例库\raw_cases\GDRM26-189\GDRM26-189貨運文件.pdf,,627a0aa9273dc7cb17e3db7e999937db1c469d8da57cfc8d0fde1cfe56654504,"3/6/26, 11:09 AM Inbox - clu - Outlook &® Outlook Re: Cl Shipment: 160-08393700 (MOLYBDENUM DIOX) need more documents and information for customs clearance From ifu <ifu@cpsl.com.hk> Date Fri 2026-03-06 11:08 、 To Patrick Liu <patrick_liu@cathaypacific.com>; clu <clu@cpsl.com.hk>; DL XIY CGO All Staff <DL_XIY_CGO_AII_Staff@cathaypacific.com>; CHI Cargo Booking Group <ORD_CGOBKG@cathaypacific.com>; DL CHI CGO Services"
GDRM26-189,A,带发件人、收件人和正文的邮件通讯记录,cgo8exp@cathaypacific.com,cathaypacific.com,货运单证,GDRM26-189貨運文件.pdf,10,D:\codex\XG执法\2026_案例库\raw_cases\GDRM26-189\GDRM26-189貨運文件.pdf,,627a0aa9273dc7cb17e3db7e999937db1c469d8da57cfc8d0fde1cfe56654504,"3/6/26, 11:09 AM Inbox - clu - Outlook &® Outlook Re: Cl Shipment: 160-08393700 (MOLYBDENUM DIOX) need more documents and information for customs clearance From ifu <ifu@cpsl.com.hk> Date Fri 2026-03-06 11:08 、 To Patrick Liu <patrick_liu@cathaypacific.com>; clu <clu@cpsl.com.hk>; DL XIY CGO All Staff <DL_XIY_CGO_AII_Staff@cathaypacific.com>; CHI Cargo Booking Group <ORD_CGOBKG@cathaypacific.com>; DL CHI CGO Services"
GDRM26-189,A,带发件人、收件人和正文的邮件通讯记录,clu@cpsl.com.hk,cpsl.com.hk,货运单证,GDRM26-189貨運文件.pdf,10,D:\codex\XG执法\2026_案例库\raw_cases\GDRM26-189\GDRM26-189貨運文件.pdf,,627a0aa9273dc7cb17e3db7e999937db1c469d8da57cfc8d0fde1cfe56654504,"3/6/26, 11:09 AM Inbox - clu - Outlook &® Outlook Re: Cl Shipment: 160-08393700 (MOLYBDENUM DIOX) need more documents and information for customs clearance From ifu <ifu@cpsl.com.hk> Date Fri 2026-03-06 11:08 、 To Patrick Liu <patrick_liu@cathaypacific.com>; clu <clu@cpsl.com.hk>; DL XIY CGO All Staff <DL_XIY_CGO_AII_Staff@cathaypacific.com>; CHI Cargo Booking Group <ORD_CGOBKG@cathaypacific.com>; DL CHI CGO Services"
GDRM26-189,A,带发件人、收件人和正文的邮件通讯记录,dl_chi_cgo_ail_staff@cathaypacific.com,cathaypacific.com,货运单证,GDRM26-189貨運文件.pdf,10,D:\codex\XG执法\2026_案例库\raw_cases\GDRM26-189\GDRM26-189貨運文件.pdf,,627a0aa9273dc7cb17e3db7e999937db1c469d8da57cfc8d0fde1cfe56654504,"3/6/26, 11:09 AM Inbox - clu - Outlook &® Outlook Re: Cl Shipment: 160-08393700 (MOLYBDENUM DIOX) need more documents and information for customs clearance From ifu <ifu@cpsl.com.hk> Date Fri 2026-03-06 11:08 、 To Patrick Liu <patrick_liu@cathaypacific.com>; clu <clu@cpsl.com.hk>; DL XIY CGO All Staff <DL_XIY_CGO_AII_Staff@cathaypacific.com>; CHI Cargo Booking Group <ORD_CGOBKG@cathaypacific.com>; DL CHI CGO Services"
GDRM26-189,A,带发件人、收件人和正文的邮件通讯记录,dl_chi_cgo_all_staff@cathaypacific.com,cathaypacific.com,货运单证,GDRM26-189貨運文件.pdf,10,D:\codex\XG执法\2026_案例库\raw_cases\GDRM26-189\GDRM26-189貨運文件.pdf,,627a0aa9273dc7cb17e3db7e999937db1c469d8da57cfc8d0fde1cfe56654504,"3/6/26, 11:09 AM Inbox - clu - Outlook &® Outlook Re: Cl Shipment: 160-08393700 (MOLYBDENUM DIOX) need more documents and information for customs clearance From ifu <ifu@cpsl.com.hk> Date Fri 2026-03-06 11:08 、 To Patrick Liu <patrick_liu@cathaypacific.com>; clu <clu@cpsl.com.hk>; DL XIY CGO All Staff <DL_XIY_CGO_AII_Staff@cathaypacific.com>; CHI Cargo Booking Group <ORD_CGOBKG@cathaypacific.com>; DL CHI CGO Services"
GDRM26-189,A,带发件人、收件人和正文的邮件通讯记录,dl_chi_cgo_services@cathaypacific.com,cathaypacific.com,货运单证,GDRM26-189貨運文件.pdf,10,D:\codex\XG执法\2026_案例库\raw_cases\GDRM26-189\GDRM26-189貨運文件.pdf,,627a0aa9273dc7cb17e3db7e999937db1c469d8da57cfc8d0fde1cfe56654504,"3/6/26, 11:09 AM Inbox - clu - Outlook &® Outlook Re: Cl Shipment: 160-08393700 (MOLYBDENUM DIOX) need more documents and information for customs clearance From ifu <ifu@cpsl.com.hk> Date Fri 2026-03-06 11:08 、 To Patrick Liu <patrick_liu@cathaypacific.com>; clu <clu@cpsl.com.hk>; DL XIY CGO All Staff <DL_XIY_CGO_AII_Staff@cathaypacific.com>; CHI Cargo Booking Group <ORD_CGOBKG@cathaypacific.com>; DL CHI CGO Services"
GDRM26-189,A,带发件人、收件人和正文的邮件通讯记录,dl_xiy_cgo_aii_staff@cathaypacific.com,cathaypacific.com,货运单证,GDRM26-189貨運文件.pdf,10,D:\codex\XG执法\2026_案例库\raw_cases\GDRM26-189\GDRM26-189貨運文件.pdf,,627a0aa9273dc7cb17e3db7e999937db1c469d8da57cfc8d0fde1cfe56654504,"3/6/26, 11:09 AM Inbox - clu - Outlook &® Outlook Re: Cl Shipment: 160-08393700 (MOLYBDENUM DIOX) need more documents and information for customs clearance From ifu <ifu@cpsl.com.hk> Date Fri 2026-03-06 11:08 、 To Patrick Liu <patrick_liu@cathaypacific.com>; clu <clu@cpsl.com.hk>; DL XIY CGO All Staff <DL_XIY_CGO_AII_Staff@cathaypacific.com>; CHI Cargo Booking Group <ORD_CGOBKG@cathaypacific.com>; DL CHI CGO Services"
GDRM26-189,A,带发件人、收件人和正文的邮件通讯记录,dl_xiy_cgo_all_staff@cathaypacific.com,cathaypacific.com,货运单证,GDRM26-189貨運文件.pdf,10,D:\codex\XG执法\2026_案例库\raw_cases\GDRM26-189\GDRM26-189貨運文件.pdf,,627a0aa9273dc7cb17e3db7e999937db1c469d8da57cfc8d0fde1cfe56654504,"3/6/26, 11:09 AM Inbox - clu - Outlook &® Outlook Re: Cl Shipment: 160-08393700 (MOLYBDENUM DIOX) need more documents and information for customs clearance From ifu <ifu@cpsl.com.hk> Date Fri 2026-03-06 11:08 、 To Patrick Liu <patrick_liu@cathaypacific.com>; clu <clu@cpsl.com.hk>; DL XIY CGO All Staff <DL_XIY_CGO_AII_Staff@cathaypacific.com>; CHI Cargo Booking Group <ORD_CGOBKG@cathaypacific.com>; DL CHI CGO Services"
GDRM26-189,A,带发件人、收件人和正文的邮件通讯记录,ifc@cpslcom.hk,cpslcom.hk,货运单证,GDRM26-189貨運文件.pdf,10,D:\codex\XG执法\2026_案例库\raw_cases\GDRM26-189\GDRM26-189貨運文件.pdf,,627a0aa9273dc7cb17e3db7e999937db1c469d8da57cfc8d0fde1cfe56654504,"3/6/26, 11:09 AM Inbox - clu - Outlook &® Outlook Re: Cl Shipment: 160-08393700 (MOLYBDENUM DIOX) need more documents and information for customs clearance From ifu <ifu@cpsl.com.hk> Date Fri 2026-03-06 11:08 、 To Patrick Liu <patrick_liu@cathaypacific.com>; clu <clu@cpsl.com.hk>; DL XIY CGO All Staff <DL_XIY_CGO_AII_Staff@cathaypacific.com>; CHI Cargo Booking Group <ORD_CGOBKG@cathaypacific.com>; DL CHI CGO Services"
GDRM26-189,A,带发件人、收件人和正文的邮件通讯记录,ifu@cpsl.com.hk,cpsl.com.hk,货运单证,GDRM26-189貨運文件.pdf,10,D:\codex\XG执法\2026_案例库\raw_cases\GDRM26-189\GDRM26-189貨運文件.pdf,,627a0aa9273dc7cb17e3db7e999937db1c469d8da57cfc8d0fde1cfe56654504,"3/6/26, 11:09 AM Inbox - clu - Outlook &® Outlook Re: Cl Shipment: 160-08393700 (MOLYBDENUM DIOX) need more documents and information for customs clearance From ifu <ifu@cpsl.com.hk> Date Fri 2026-03-06 11:08 、 To Patrick Liu <patrick_liu@cathaypacific.com>; clu <clu@cpsl.com.hk>; DL XIY CGO All Staff <DL_XIY_CGO_AII_Staff@cathaypacific.com>; CHI Cargo Booking Group <ORD_CGOBKG@cathaypacific.com>; DL CHI CGO Services"
GDRM26-189,A,带发件人、收件人和正文的邮件通讯记录,ord_cgobkg@cathaypacific.com,cathaypacific.com,货运单证,GDRM26-189貨運文件.pdf,10,D:\codex\XG执法\2026_案例库\raw_cases\GDRM26-189\GDRM26-189貨運文件.pdf,,627a0aa9273dc7cb17e3db7e999937db1c469d8da57cfc8d0fde1cfe56654504,"3/6/26, 11:09 AM Inbox - clu - Outlook &® Outlook Re: Cl Shipment: 160-08393700 (MOLYBDENUM DIOX) need more documents and information for customs clearance From ifu <ifu@cpsl.com.hk> Date Fri 2026-03-06 11:08 、 To Patrick Liu <patrick_liu@cathaypacific.com>; clu <clu@cpsl.com.hk>; DL XIY CGO All Staff <DL_XIY_CGO_AII_Staff@cathaypacific.com>; CHI Cargo Booking Group <ORD_CGOBKG@cathaypacific.com>; DL CHI CGO Services"
GDRM26-189,A,带发件人、收件人和正文的邮件通讯记录,patrick_liu@cathaypacific.com,cathaypacific.com,货运单证,GDRM26-189貨運文件.pdf,10,D:\codex\XG执法\2026_案例库\raw_cases\GDRM26-189\GDRM26-189貨運文件.pdf,,627a0aa9273dc7cb17e3db7e999937db1c469d8da57cfc8d0fde1cfe56654504,"3/6/26, 11:09 AM Inbox - clu - Outlook &® Outlook Re: Cl Shipment: 160-08393700 (MOLYBDENUM DIOX) need more documents and information for customs clearance From ifu <ifu@cpsl.com.hk> Date Fri 2026-03-06 11:08 、 To Patrick Liu <patrick_liu@cathaypacific.com>; clu <clu@cpsl.com.hk>; DL XIY CGO All Staff <DL_XIY_CGO_AII_Staff@cathaypacific.com>; CHI Cargo Booking Group <ORD_CGOBKG@cathaypacific.com>; DL CHI CGO Services"
GDRM26-200,C,发票、装箱单、运单或采购单中的交易/物流联系人,quyet.tran@ahkgroup.com,ahkgroup.com,货运单证,GDRM26-200貨運文件(2).pdf,1,D:\codex\XG执法\2026_案例库\raw_cases\GDRM26-200\GDRM26-200貨運文件(2).pdf,,f003a321e6d162d49e558e6f291a1769454a3431c59e41b00d105855ba8f83fe,"UO A A sme Ne EOE OS ES Proforma Invoice AWB No: 7724560093 Invoice Date: 2026-03-07 Invoice No: SHIP FROM: SHIP TO: Alfred H Knight Vietnam Co., Ltd BLINKSTONE RESOURCES LIMITED Quyet Tran Mr.Yi 10/9/2 Bui Thi Tu Nhien Str., Dong Hai ward Room 6032, No.148 fuyuan road west Thanh Pho Hai Phong, Viet Nam home park , Kaifu district HAI PHONG Changsha, Hunan, China HAI PHONG, HAI AN-DONG HAI 1 WARD CHANGSHA, 410001 HUNA"
GDRM26-204,D,其他业务文件中的联系邮箱,import.sea@ibflogistics.com.br,ibflogistics.com.br,其他附件,GDRM26-204│f╣BñσÑ≤(2).pdf,1,D:\codex\XG执法\2026_案例库\raw_cases\GDRM26-204\GDRM26-204貨運文件(2)-pdf.zip,GDRM26-204│f╣BñσÑ≤(2).pdf,2216dc4f0015b3f42b080a72f10955c506e8e3482ea80b4da91ba90e25800b9e,"BILL OF LADING FOR OCEAN TRANSPORT 岖 OR MULTIMODAL TRANSPORT BLNo. 265727174 Shipper (As principal, where “care of”, “c/o”, or other variants used.) Booking No. SHENZHEN BEREY TECHNOLOGY CO.,LTD 265727174 TAX ID:91440300MASHAME996 4745 LONGHUA AVENUE, QINGHUA COMMUNITY, LONGHUA Export references 390078084 STREET,LONGHUA DISTRICT, SHENZHEN CITY 4751 LONGHUA AVENUE, LONGHU JUNHUI ‘Onward inland routing (Not part of Car"
GDRM26-222,D,其他业务文件中的联系邮箱,neda@epoch-int.com,epoch-int.com,货运单证,GDRM26-222貨運文件(HWB 9353775185).pdf,1,D:\codex\XG执法\2026_案例库\raw_cases\GDRM26-222\GDRM26-222貨運文件(HWB 9353775185).pdf,,e6cd429880b94b0d7af79b860835674089e81cd10b337faaa8ef95bc488e00fc,"*WAYBILL DOC* 5 ee Not to be attached to package - Hand to Courier WPX Esz Z 2026-03-18 (Reproduction) / 2026-03-13 (Data Shipper : sonnet contact: EPOCH TECHNOLOGIES (DALIAN) CO.LTD SUNNY XUl04i t-57eSTE88 SUNNY XU NO, 20 NORTH FUQUAN RD., DALIAN DEVELOPMENT AREA, DALIAN 116600 CHINA, PEOPLES REPUBLIC [Receiver 5 Contact: ] EPOCH INTERNATIONAL ENTERPRISES INC APPLEINC NATHAN TJEN MS81-2L0. NATHAN TJEN MS81-2LO 512-5"
GDRM26-227,D,其他业务文件中的联系邮箱,ap@candelamedical.com,candelamedical.com,货运单证,GDRM26-227貨運文件(2).pdf,1,D:\codex\XG执法\2026_案例库\raw_cases\GDRM26-227\GDRM26-227貨運文件(2).pdf,,7886a918073b6911673eddbe6b8eebb9e8eb5eb42f28da07b26dec5daf1cc999,", | ~ TANIA SRE ENTE OS EB 8 - “ 一 一 TS) omy @ two neces CRYSLASER INC, worse erivas x. f G f sft 一 一 一 一 一 一 一 E 技 ). 、 oS Sy, sf + £mphasizing on Quality and On-time Delivery wm:-SGSt Invoice The Buyer: Candela Corporation 「 The Supplier: Cryslaser Inc.(Manufactuer) 251 Locke Drive B1,199 Western Rd Marlborough,MA 01752 Middlesex,US. High-tech District Western Zone, Tel:508-644-0484 Tel: 86-28-6023 2191 Web:www.syn"
GDRM26-227,D,其他业务文件中的联系邮箱,tiffany@cryslaser.com,cryslaser.com,货运单证,GDRM26-227貨運文件(2).pdf,1,D:\codex\XG执法\2026_案例库\raw_cases\GDRM26-227\GDRM26-227貨運文件(2).pdf,,7886a918073b6911673eddbe6b8eebb9e8eb5eb42f28da07b26dec5daf1cc999,", | ~ TANIA SRE ENTE OS EB 8 - “ 一 一 TS) omy @ two neces CRYSLASER INC, worse erivas x. f G f sft 一 一 一 一 一 一 一 E 技 ). 、 oS Sy, sf + £mphasizing on Quality and On-time Delivery wm:-SGSt Invoice The Buyer: Candela Corporation 「 The Supplier: Cryslaser Inc.(Manufactuer) 251 Locke Drive B1,199 Western Rd Marlborough,MA 01752 Middlesex,US. High-tech District Western Zone, Tel:508-644-0484 Tel: 86-28-6023 2191 Web:www.syn"
GDRM26-322,D,其他业务文件中的联系邮箱,public@chinasdg.cn,chinasdg.cn,货运单证,GDRM26-322貨運文件.pdf,11,D:\codex\XG执法\2026_案例库\raw_cases\GDRM26-322\GDRM26-322貨運文件.pdf,,ca1c9df8a638e82af1de23378e5e728b501aae10859294a878489341bcc573bc,"SN e/ <e 引 3 d 孝重皇认可 非 限 制 性 货 物 | 怡 亘 CNAS INSPECTION NOT RESTRICTED SP mS eg” CNAS IB0126 - page 1 of 3 pages | 一 Wi | Ta | | | | | 卜 a ; 元 t 人 ihe > ae 半 | , 航 空 运 输 危 险 性 识 别 报 告 书 | 辜 Hazard Identification Report for Air Transport | | BE ee 沙 行 | | 蛇 哉 EHFRKEHE … | ease a ‖ 证 书 编 号 ; PM26062294823700001 | 名 称 : 磁 器 件 止 Name: MAGNET ASSEMBLY VA i 【 Linn i 生 效 日 期 : 2026-06-18 \ fine 委 托 单 位 : 宁 波 中 电 碳 声 电 子 有 限 "
GDRM26-330,D,SDS、检测或技术文件的联系邮箱,sds@vitalchem.com,vitalchem.com,货运单证,GDRM26-330貨運文件(2).pdf,1,D:\codex\XG执法\2026_案例库\raw_cases\GDRM26-330\GDRM26-330貨運文件(2).pdf,,0a87881f8df02056073cdea49c1f3f79ffaa87681b79bb0410c58fb7dbd9ca8f,"| 一 1 。 1 一 一 一 一_`一丫[ Vita. . ′丨″′t_=享_】no_()g'y Co., Ltd {| : i | Safety Data Sheet (SDS) for Gallium Trichlorid 2 | Version: A/5 e a... ; i | Product Name: Gallium chloride Ref. No.: QYXD-SDS-028 | Issue Date: Jun 14, 2016 Revision Date: March 6, 2Q 6 门 aps ; iea 1 : ; i | This SDS is revised in accordance with the requirements of GHS of United Nations Cthe tenth | | revised edition) and GB/T17519. | i 1. Product "
