email,domain,case_count,case_ids,document_count,evidence_levels,evidence_types
anais.ji@vipercarbide.com,vipercarbide.com,2,GDRM26-142;GDRM26-144,2,D,SDS、检测或技术文件的联系邮箱
clu@cpsl.com.hk,cpsl.com.hk,2,GDRM26-050;GDRM26-189,2,A;B,带发件人、收件人和正文的邮件通讯记录;邮箱界面或邮件附件来源痕迹（不等于完整邮件正文）
public@chinasdg.cn,chinasdg.cn,2,GDRM26-010;GDRM26-322,3,D,其他业务文件中的联系邮箱
116556440@qq.com,qq.com,1,GDRM26-059,1,D,其他业务文件中的联系邮箱
alice.zhu@qsnplus.com,qsnplus.com,1,GDRM26-183,1,C,发票、装箱单、运单或采购单中的交易/物流联系人
ap@candelamedical.com,candelamedical.com,1,GDRM26-227,1,D,其他业务文件中的联系邮箱
cgo8cus@cathaypacific.com,cathaypacific.com,1,GDRM26-189,1,A,带发件人、收件人和正文的邮件通讯记录
cgo8exp@cathaypacific.com,cathaypacific.com,1,GDRM26-189,1,A,带发件人、收件人和正文的邮件通讯记录
dl_chi_cgo_ail_staff@cathaypacific.com,cathaypacific.com,1,GDRM26-189,1,A,带发件人、收件人和正文的邮件通讯记录
dl_chi_cgo_all_staff@cathaypacific.com,cathaypacific.com,1,GDRM26-189,1,A,带发件人、收件人和正文的邮件通讯记录
dl_chi_cgo_services@cathaypacific.com,cathaypacific.com,1,GDRM26-189,1,A,带发件人、收件人和正文的邮件通讯记录
dl_xiy_cgo_aii_staff@cathaypacific.com,cathaypacific.com,1,GDRM26-189,1,A,带发件人、收件人和正文的邮件通讯记录
dl_xiy_cgo_all_staff@cathaypacific.com,cathaypacific.com,1,GDRM26-189,1,A,带发件人、收件人和正文的邮件通讯记录
guanjunli@hanztech.cn,hanztech.cn,1,GDRM26-185,1,C,发票、装箱单、运单或采购单中的交易/物流联系人
guolj@ie.zgcc.com,ie.zgcc.com,1,GDRM26-185,1,D,其他业务文件中的联系邮箱
hensonqian@sincemat.com,sincemat.com,1,GDRM26-065,1,D,SDS、检测或技术文件的联系邮箱
hift1s@163.com,163.com,1,GDRM26-137,1,D,其他业务文件中的联系邮箱
ifc@cpslcom.hk,cpslcom.hk,1,GDRM26-189,1,A,带发件人、收件人和正文的邮件通讯记录
ifu@cpsl.com.hk,cpsl.com.hk,1,GDRM26-189,1,A,带发件人、收件人和正文的邮件通讯记录
import.sea@ibflogistics.com.br,ibflogistics.com.br,1,GDRM26-204,1,D,其他业务文件中的联系邮箱
info@cycarbide.com,cycarbide.com,1,GDRM26-153,1,C,发票、装箱单、运单或采购单中的交易/物流联系人
info@ptiayaditya.co.id,ptiayaditya.co.id,1,GDRM26-103,1,C,最终用户/最终用途文件中的交易联系人
info@ptjayaditya.co.id,ptjayaditya.co.id,1,GDRM26-103,1,D,其他业务文件中的联系邮箱
jy.lee@spm-korea.co.kr,spm-korea.co.kr,1,GDRM26-137,1,D,其他业务文件中的联系邮箱
krysta.pan@s5nplus.com,s5nplus.com,1,GDRM26-183,1,C,发票、装箱单、运单或采购单中的交易/物流联系人
lily@cycarbide.com,cycarbide.com,1,GDRM26-153,1,C,发票、装箱单、运单或采购单中的交易/物流联系人
market@cagtic.cn,cagtic.cn,1,GDRM26-145,1,D,其他业务文件中的联系邮箱
neda@epoch-int.com,epoch-int.com,1,GDRM26-222,1,D,其他业务文件中的联系邮箱
ord_cgobkg@cathaypacific.com,cathaypacific.com,1,GDRM26-189,1,A,带发件人、收件人和正文的邮件通讯记录
patrick_liu@cathaypacific.com,cathaypacific.com,1,GDRM26-189,1,A,带发件人、收件人和正文的邮件通讯记录
quyet.tran@ahkgroup.com,ahkgroup.com,1,GDRM26-200,1,C,发票、装箱单、运单或采购单中的交易/物流联系人
sale@bamstc.com,bamstc.com,1,GDRM26-050,1,B,邮箱界面或邮件附件来源痕迹（不等于完整邮件正文）
sale@bamste.com,bamste.com,1,GDRM26-050,1,B,邮箱界面或邮件附件来源痕迹（不等于完整邮件正文）
sales@kcl.de,kcl.de,1,GDRM26-137,1,D,其他业务文件中的联系邮箱
sales@tth-group.com,tth-group.com,1,GDRM26-111,1,D,包装或产品标签上的公开业务邮箱
sds@airliquide.com,airliquide.com,1,GDRM26-108,1,D,SDS、检测或技术文件的联系邮箱
sds@vitalchem.com,vitalchem.com,1,GDRM26-330,1,D,SDS、检测或技术文件的联系邮箱
seongkyu.kim@lgensol.com,lgensol.com,1,GDRM26-167,1,C,发票、装箱单、运单或采购单中的交易/物流联系人
simon.olivier@airliquide.com,airliquide.com,1,GDRM26-108,1,C,发票、装箱单、运单或采购单中的交易/物流联系人
sojs@carbidecn.com,carbidecn.com,1,GDRM26-015,1,C,发票、装箱单、运单或采购单中的交易/物流联系人
test@demchina.com,demchina.com,1,GDRM26-141,1,D,其他业务文件中的联系邮箱
test@dgmchina.com.cn,dgmchina.com.cn,1,GDRM26-139,1,D,其他业务文件中的联系邮箱
tiffany@cryslaser.com,cryslaser.com,1,GDRM26-227,1,D,其他业务文件中的联系邮箱
varavin@kazminerals.com,kazminerals.com,1,GDRM26-005,1,C,发票、装箱单、运单或采购单中的交易/物流联系人
ysxs25@zzkeneng.com,zzkeneng.com,1,GDRM26-103,1,D,其他业务文件中的联系邮箱
