优先级,案件号,线索主题,已确认事实,当前不能下的结论,建议补证
P1,GDRM26-040,申报品名与实物不一致,"载货清单对应行申报为LED手电筒类商品；实物说明为带碳化物切削头和陶瓷磨棒的磨刀器","尚不能仅凭该差异认定货物属于受控物项或存在主观故意","调取该票报关单原始字段、商品链接/采购单、材质检测、查验记录、报关委托聊天或邮件"
P1,GDRM26-189,部分Outlook邮件链,"2026-03-06邮件围绕AWB 160-08393700二氧化钼清关补件；发件人称托运人无MSDS并改附申报要素文件；可见发件人、收件人、主题和部分正文","邮件未出现改品名、删参数、夹藏或规避许可指令；现有PDF只有打印链第1/7页","获取原始.eml/.msg或完整7页导出、完整Internet headers、附件原件及哈希；对照报关单、合同、COA和许可查询结果"
P1,GDRM26-103,受控铋物项与最终用户链,"Bismuth Needle 99.99%交易文件、最终用户及最终用途证明、境外联系人均已出现；用途声明为青铜生产并承诺不转让","最终用户证明本身偏向合规材料，不能据此认定规避；现有包内未见许可核验结果","核验合同DXL016、许可证编号/申请材料、最终用户工商与产能、实际进口清关和耗用记录"
P1,GDRM26-227,含钇光学晶体与交易联系人,"运单与发票显示Nd,Ce:YAG光学部件、医疗固体激光器用途，并有境内外双方邮箱","是否落入1C908及是否已获许可需主管部门按产品形态和技术指标确认","调取两用物项许可、晶体化学式和成分报告、报关备注栏管制编码、采购邮件与技术规格确认"
P2,GDRM26-050,邮箱附件来源与钨合金粉链,"证书打印页显示Outlook账户来源；货物为WC10Co4Cr等碳化钨合金粉，Viper Carbide为境外收货链主体","未见完整邮件正文；现行官方问答明确多类碳化钨合金粉不属于2025年第10号此次新增列管范围","获取原始邮件/附件元数据；核验产品究竟为已烧结合金粉还是未烧结碳化钨简单混合物"
P2,GDRM26-142,买方域名出现在供应商MSDS,"Viper Carbide在运单中为托运/采购链主体，其域名邮箱却列在Zhuzhou Silver Dragon制造商MSDS联系栏","可能是买方协助制作或复用模板，也可能只是正常资料协同；不代表伪造或规避","对比MSDS原始创建者/修改者、历次版本、邮件传递链、供应商官网标准MSDS"
P2,GDRM26-144,品名保函与许可断言,"5托盘约2720公斤金属陶瓷/碳化钨合金粉附品名保函，称不含危险品且不需要商品许可证；同域邮箱再次出现在供应商MSDS","官方问答排除多类已烧结碳化钨及碳化钨合金粉，因此该断言可能有合法依据；不能把保函本身当规避证据","核验粒度、烧结状态、是否为简单混合物、1C226适用性；获取保函签发人与依据文件"
P2,GDRM26-254,球化石墨跨境物流链,"71条逐交易行记录出现球化石墨及货代邮箱；公开记录显示主提单货代与实际商业主体可能分层","货代邮箱被多种货物重复使用，不等于交易决策人；主提单主体和实际买卖方不一致常见于货代业务","调取分提单、印尼出口报关、美国进口entry、原产地证、COA、许可证和最终用户材料；核对原产地/转运字段"
P3,GDRM26-008,许可断言与检测报告,"磁钢货物安全证明称不需要商品许可证；宁波海关技术中心检测显示Fe 67.7%、Nd 22.5%、Pr 7.03%、Gd 0.27%，Sm/Tb/Dy/Lu/Sc/Y/Ho未检出","现有检测结果对排除公告列举的多类稀土永磁物项具有解释力；不宜视为规避线索","确认样品与出口批次同一性、检测报告完整签章、报关备注栏与许可咨询记录"
P3,GDRM26-074,尺寸阈值自我说明,"W80Cu20钨铜棒/板材料满足成分条件但申报方说明尺寸未达1C117.c阈值，并声明无需两用物项许可","现有尺寸与官方阈值表面一致，属于可核验的合规自证，不是违法证据","复核每件最大尺寸、是否可机械加工至受控形状、材质检测及主管部门咨询答复"
